WARNING: All log messages before absl::InitializeLog() is called are written to STDERR
E0000 00:00:1785712462.682454   12348 descriptor_database.cc:633] File already exists in database: grpc/health/v1/health.proto
W0000 00:00:1785712462.682495   12348 message.cc:301] Protobuf GeneratedMessageFactory: File is already registered: grpc/health/v1/health.proto
[ISAACLAB] AppLauncher initialization complete
[INFO]: Parsing configuration from: reBot_RL.tasks.manager_based.challenge.clutter_env_cfg:RebotClutterExtractEnvCfg_PLAY
[INFO]: Base environment:
	Environment device    : cuda:0
	Environment seed      : None
	Physics step-size     : 0.0025
	Rendering step-size   : 0.02
	Environment step-size : 0.02
[INFO]: Registered backend 'physx' for factory Articulation.
[INFO]: Registered backend 'physx' for factory RigidObject.
[INFO]: Registered backend 'physx' for factory FrameView.
[INFO]: Registered backend 'physx' for factory FrameTransformer.
[INFO]: Physics scene prim path: /physicsScene
Loading user config located at: '/home/eva/miniconda3/envs/env_isaaclab6/lib/python3.12/site-packages/isaacsim/kit/data/Kit/IsaacLab/3.0/user.config.json'
2026-08-02T23:14:22Z [0ms] [Warning] [omni.ext.plugin] [ext: isaaclab_visualizers] Extensions config 'extension.toml' doesn't exist '/home/eva/Desktop/isaacLab/IsaacLab/source/isaaclab_visualizers' or '/home/eva/Desktop/isaacLab/IsaacLab/source/isaaclab_visualizers/config'
2026-08-02T23:14:23Z [387ms] [Warning] [omni.usd_config.extension] Enable omni.materialx.libs extension to use MaterialX
2026-08-02T23:14:23Z [456ms] [Warning] [omni.platforminfo.plugin] failed to open the default display.  Can't verify X Server version.
2026-08-02T23:14:26Z [3,744ms] [Warning] [isaaclab.envs.manager_based_env] Seed not set for the environment. The environment creation may not be deterministic.
2026-08-02T23:14:26Z [3,780ms] [Warning] [isaaclab_physx.physics.physx_manager] TGS solver with enable_external_forces_every_iteration=False may cause noisy velocities.
2026-08-02T23:14:27Z [5,235ms] [Warning] [omni.physx.plugin] Cloning joints /World/envs/env_1/Robot/Physics/root_joint without a body rel may cause issues, since the localPose wont be updated.
2026-08-02T23:14:27Z [5,236ms] [Warning] [omni.physx.plugin] Cloning joints /World/envs/env_2/Robot/Physics/root_joint without a body rel may cause issues, since the localPose wont be updated.
2026-08-02T23:14:27Z [5,236ms] [Warning] [omni.physx.plugin] Cloning joints /World/envs/env_3/Robot/Physics/root_joint without a body rel may cause issues, since the localPose wont be updated.
2026-08-02T23:14:27Z [5,236ms] [Warning] [omni.physx.plugin] Cloning joints /World/envs/env_4/Robot/Physics/root_joint without a body rel may cause issues, since the localPose wont be updated.
2026-08-02T23:14:27Z [5,236ms] [Warning] [omni.physx.plugin] Cloning joints /World/envs/env_5/Robot/Physics/root_joint without a body rel may cause issues, since the localPose wont be updated.
2026-08-02T23:14:27Z [5,237ms] [Warning] [omni.physx.plugin] Cloning joints /World/envs/env_6/Robot/Physics/root_joint without a body rel may cause issues, since the localPose wont be updated.
2026-08-02T23:14:27Z [5,237ms] [Warning] [omni.physx.plugin] Cloning joints /World/envs/env_7/Robot/Physics/root_joint without a body rel may cause issues, since the localPose wont be updated.
2026-08-02T23:14:27Z [5,237ms] [Warning] [omni.physx.plugin] Cloning joints /World/envs/env_8/Robot/Physics/root_joint without a body rel may cause issues, since the localPose wont be updated.
2026-08-02T23:14:27Z [5,237ms] [Warning] [omni.physx.plugin] Cloning joints /World/envs/env_9/Robot/Physics/root_joint without a body rel may cause issues, since the localPose wont be updated.
2026-08-02T23:14:27Z [5,238ms] [Warning] [omni.physx.plugin] Cloning joints /World/envs/env_10/Robot/Physics/root_joint without a body rel may cause issues, since the localPose wont be updated.
2026-08-02T23:14:27Z [5,238ms] [Warning] [omni.physx.plugin] Cloning joints /World/envs/env_11/Robot/Physics/root_joint without a body rel may cause issues, since the localPose wont be updated.
2026-08-02T23:14:27Z [5,238ms] [Warning] [omni.physx.plugin] Cloning joints /World/envs/env_12/Robot/Physics/root_joint without a body rel may cause issues, since the localPose wont be updated.
2026-08-02T23:14:27Z [5,238ms] [Warning] [omni.physx.plugin] Cloning joints /World/envs/env_13/Robot/Physics/root_joint without a body rel may cause issues, since the localPose wont be updated.
2026-08-02T23:14:27Z [5,239ms] [Warning] [omni.physx.plugin] Cloning joints /World/envs/env_14/Robot/Physics/root_joint without a body rel may cause issues, since the localPose wont be updated.
2026-08-02T23:14:27Z [5,239ms] [Warning] [omni.physx.plugin] Cloning joints /World/envs/env_15/Robot/Physics/root_joint without a body rel may cause issues, since the localPose wont be updated.
2026-08-02T23:14:27Z [5,239ms] [Warning] [omni.physx.plugin] Cloning joints /World/envs/env_16/Robot/Physics/root_joint without a body rel may cause issues, since the localPose wont be updated.
2026-08-02T23:14:27Z [5,239ms] [Warning] [omni.physx.plugin] Cloning joints /World/envs/env_17/Robot/Physics/root_joint without a body rel may cause issues, since the localPose wont be updated.
2026-08-02T23:14:27Z [5,240ms] [Warning] [omni.physx.plugin] Cloning joints /World/envs/env_18/Robot/Physics/root_joint without a body rel may cause issues, since the localPose wont be updated.
2026-08-02T23:14:27Z [5,240ms] [Warning] [omni.physx.plugin] Cloning joints /World/envs/env_19/Robot/Physics/root_joint without a body rel may cause issues, since the localPose wont be updated.
2026-08-02T23:14:27Z [5,240ms] [Warning] [omni.physx.plugin] Cloning joints /World/envs/env_20/Robot/Physics/root_joint without a body rel may cause issues, since the localPose wont be updated.
2026-08-02T23:14:27Z [5,240ms] [Warning] [omni.physx.plugin] Cloning joints /World/envs/env_21/Robot/Physics/root_joint without a body rel may cause issues, since the localPose wont be updated.
2026-08-02T23:14:27Z [5,241ms] [Warning] [omni.physx.plugin] Cloning joints /World/envs/env_22/Robot/Physics/root_joint without a body rel may cause issues, since the localPose wont be updated.
2026-08-02T23:14:27Z [5,241ms] [Warning] [omni.physx.plugin] Cloning joints /World/envs/env_23/Robot/Physics/root_joint without a body rel may cause issues, since the localPose wont be updated.
2026-08-02T23:14:27Z [5,241ms] [Warning] [omni.physx.plugin] Cloning joints /World/envs/env_24/Robot/Physics/root_joint without a body rel may cause issues, since the localPose wont be updated.
2026-08-02T23:14:27Z [5,241ms] [Warning] [omni.physx.plugin] Cloning joints /World/envs/env_25/Robot/Physics/root_joint without a body rel may cause issues, since the localPose wont be updated.
2026-08-02T23:14:27Z [5,241ms] [Warning] [omni.physx.plugin] Cloning joints /World/envs/env_26/Robot/Physics/root_joint without a body rel may cause issues, since the localPose wont be updated.
2026-08-02T23:14:27Z [5,242ms] [Warning] [omni.physx.plugin] Cloning joints /World/envs/env_27/Robot/Physics/root_joint without a body rel may cause issues, since the localPose wont be updated.
2026-08-02T23:14:27Z [5,242ms] [Warning] [omni.physx.plugin] Cloning joints /World/envs/env_28/Robot/Physics/root_joint without a body rel may cause issues, since the localPose wont be updated.
2026-08-02T23:14:27Z [5,242ms] [Warning] [omni.physx.plugin] Cloning joints /World/envs/env_29/Robot/Physics/root_joint without a body rel may cause issues, since the localPose wont be updated.
2026-08-02T23:14:27Z [5,242ms] [Warning] [omni.physx.plugin] Cloning joints /World/envs/env_30/Robot/Physics/root_joint without a body rel may cause issues, since the localPose wont be updated.
2026-08-02T23:14:27Z [5,243ms] [Warning] [omni.physx.plugin] Cloning joints /World/envs/env_31/Robot/Physics/root_joint without a body rel may cause issues, since the localPose wont be updated.
2026-08-02T23:14:27Z [5,243ms] [Warning] [omni.physx.plugin] Cloning joints /World/envs/env_32/Robot/Physics/root_joint without a body rel may cause issues, since the localPose wont be updated.
2026-08-02T23:14:27Z [5,243ms] [Warning] [omni.physx.plugin] Cloning joints /World/envs/env_33/Robot/Physics/root_joint without a body rel may cause issues, since the localPose wont be updated.
2026-08-02T23:14:27Z [5,243ms] [Warning] [omni.physx.plugin] Cloning joints /World/envs/env_34/Robot/Physics/root_joint without a body rel may cause issues, since the localPose wont be updated.
2026-08-02T23:14:27Z [5,244ms] [Warning] [omni.physx.plugin] Cloning joints /World/envs/env_35/Robot/Physics/root_joint without a body rel may cause issues, since the localPose wont be updated.
2026-08-02T23:14:27Z [5,244ms] [Warning] [omni.physx.plugin] Cloning joints /World/envs/env_36/Robot/Physics/root_joint without a body rel may cause issues, since the localPose wont be updated.
2026-08-02T23:14:27Z [5,244ms] [Warning] [omni.physx.plugin] Cloning joints /World/envs/env_37/Robot/Physics/root_joint without a body rel may cause issues, since the localPose wont be updated.
2026-08-02T23:14:27Z [5,244ms] [Warning] [omni.physx.plugin] Cloning joints /World/envs/env_38/Robot/Physics/root_joint without a body rel may cause issues, since the localPose wont be updated.
2026-08-02T23:14:27Z [5,245ms] [Warning] [omni.physx.plugin] Cloning joints /World/envs/env_39/Robot/Physics/root_joint without a body rel may cause issues, since the localPose wont be updated.
2026-08-02T23:14:27Z [5,245ms] [Warning] [omni.physx.plugin] Cloning joints /World/envs/env_40/Robot/Physics/root_joint without a body rel may cause issues, since the localPose wont be updated.
2026-08-02T23:14:27Z [5,245ms] [Warning] [omni.physx.plugin] Cloning joints /World/envs/env_41/Robot/Physics/root_joint without a body rel may cause issues, since the localPose wont be updated.
2026-08-02T23:14:27Z [5,245ms] [Warning] [omni.physx.plugin] Cloning joints /World/envs/env_42/Robot/Physics/root_joint without a body rel may cause issues, since the localPose wont be updated.
2026-08-02T23:14:27Z [5,246ms] [Warning] [omni.physx.plugin] Cloning joints /World/envs/env_43/Robot/Physics/root_joint without a body rel may cause issues, since the localPose wont be updated.
2026-08-02T23:14:27Z [5,246ms] [Warning] [omni.physx.plugin] Cloning joints /World/envs/env_44/Robot/Physics/root_joint without a body rel may cause issues, since the localPose wont be updated.
2026-08-02T23:14:27Z [5,246ms] [Warning] [omni.physx.plugin] Cloning joints /World/envs/env_45/Robot/Physics/root_joint without a body rel may cause issues, since the localPose wont be updated.
2026-08-02T23:14:27Z [5,246ms] [Warning] [omni.physx.plugin] Cloning joints /World/envs/env_46/Robot/Physics/root_joint without a body rel may cause issues, since the localPose wont be updated.
2026-08-02T23:14:27Z [5,247ms] [Warning] [omni.physx.plugin] Cloning joints /World/envs/env_47/Robot/Physics/root_joint without a body rel may cause issues, since the localPose wont be updated.
2026-08-02T23:14:27Z [5,247ms] [Warning] [omni.physx.plugin] Cloning joints /World/envs/env_48/Robot/Physics/root_joint without a body rel may cause issues, since the localPose wont be updated.
2026-08-02T23:14:27Z [5,247ms] [Warning] [omni.physx.plugin] Cloning joints /World/envs/env_49/Robot/Physics/root_joint without a body rel may cause issues, since the localPose wont be updated.
2026-08-02T23:14:27Z [5,247ms] [Warning] [omni.physx.plugin] Cloning joints /World/envs/env_50/Robot/Physics/root_joint without a body rel may cause issues, since the localPose wont be updated.
2026-08-02T23:14:27Z [5,248ms] [Warning] [omni.physx.plugin] Cloning joints /World/envs/env_51/Robot/Physics/root_joint without a body rel may cause issues, since the localPose wont be updated.
2026-08-02T23:14:27Z [5,248ms] [Warning] [omni.physx.plugin] Cloning joints /World/envs/env_52/Robot/Physics/root_joint without a body rel may cause issues, since the localPose wont be updated.
2026-08-02T23:14:27Z [5,248ms] [Warning] [omni.physx.plugin] Cloning joints /World/envs/env_53/Robot/Physics/root_joint without a body rel may cause issues, since the localPose wont be updated.
2026-08-02T23:14:27Z [5,248ms] [Warning] [omni.physx.plugin] Cloning joints /World/envs/env_54/Robot/Physics/root_joint without a body rel may cause issues, since the localPose wont be updated.
2026-08-02T23:14:27Z [5,249ms] [Warning] [omni.physx.plugin] Cloning joints /World/envs/env_55/Robot/Physics/root_joint without a body rel may cause issues, since the localPose wont be updated.
2026-08-02T23:14:27Z [5,249ms] [Warning] [omni.physx.plugin] Cloning joints /World/envs/env_56/Robot/Physics/root_joint without a body rel may cause issues, since the localPose wont be updated.
2026-08-02T23:14:27Z [5,249ms] [Warning] [omni.physx.plugin] Cloning joints /World/envs/env_57/Robot/Physics/root_joint without a body rel may cause issues, since the localPose wont be updated.
2026-08-02T23:14:27Z [5,249ms] [Warning] [omni.physx.plugin] Cloning joints /World/envs/env_58/Robot/Physics/root_joint without a body rel may cause issues, since the localPose wont be updated.
2026-08-02T23:14:27Z [5,250ms] [Warning] [omni.physx.plugin] Cloning joints /World/envs/env_59/Robot/Physics/root_joint without a body rel may cause issues, since the localPose wont be updated.
2026-08-02T23:14:27Z [5,250ms] [Warning] [omni.physx.plugin] Cloning joints /World/envs/env_60/Robot/Physics/root_joint without a body rel may cause issues, since the localPose wont be updated.
2026-08-02T23:14:27Z [5,250ms] [Warning] [omni.physx.plugin] Cloning joints /World/envs/env_61/Robot/Physics/root_joint without a body rel may cause issues, since the localPose wont be updated.
2026-08-02T23:14:27Z [5,250ms] [Warning] [omni.physx.plugin] Cloning joints /World/envs/env_62/Robot/Physics/root_joint without a body rel may cause issues, since the localPose wont be updated.
2026-08-02T23:14:27Z [5,251ms] [Warning] [omni.physx.plugin] Cloning joints /World/envs/env_63/Robot/Physics/root_joint without a body rel may cause issues, since the localPose wont be updated.
2026-08-02T23:14:27Z [5,251ms] [Warning] [omni.physx.plugin] Cloning joints /World/envs/env_64/Robot/Physics/root_joint without a body rel may cause issues, since the localPose wont be updated.
2026-08-02T23:14:27Z [5,251ms] [Warning] [omni.physx.plugin] Cloning joints /World/envs/env_65/Robot/Physics/root_joint without a body rel may cause issues, since the localPose wont be updated.
2026-08-02T23:14:27Z [5,251ms] [Warning] [omni.physx.plugin] Cloning joints /World/envs/env_66/Robot/Physics/root_joint without a body rel may cause issues, since the localPose wont be updated.
2026-08-02T23:14:27Z [5,252ms] [Warning] [omni.physx.plugin] Cloning joints /World/envs/env_67/Robot/Physics/root_joint without a body rel may cause issues, since the localPose wont be updated.
2026-08-02T23:14:27Z [5,252ms] [Warning] [omni.physx.plugin] Cloning joints /World/envs/env_68/Robot/Physics/root_joint without a body rel may cause issues, since the localPose wont be updated.
2026-08-02T23:14:27Z [5,252ms] [Warning] [omni.physx.plugin] Cloning joints /World/envs/env_69/Robot/Physics/root_joint without a body rel may cause issues, since the localPose wont be updated.
2026-08-02T23:14:27Z [5,252ms] [Warning] [omni.physx.plugin] Cloning joints /World/envs/env_70/Robot/Physics/root_joint without a body rel may cause issues, since the localPose wont be updated.
2026-08-02T23:14:27Z [5,253ms] [Warning] [omni.physx.plugin] Cloning joints /World/envs/env_71/Robot/Physics/root_joint without a body rel may cause issues, since the localPose wont be updated.
2026-08-02T23:14:27Z [5,253ms] [Warning] [omni.physx.plugin] Cloning joints /World/envs/env_72/Robot/Physics/root_joint without a body rel may cause issues, since the localPose wont be updated.
2026-08-02T23:14:27Z [5,253ms] [Warning] [omni.physx.plugin] Cloning joints /World/envs/env_73/Robot/Physics/root_joint without a body rel may cause issues, since the localPose wont be updated.
2026-08-02T23:14:27Z [5,253ms] [Warning] [omni.physx.plugin] Cloning joints /World/envs/env_74/Robot/Physics/root_joint without a body rel may cause issues, since the localPose wont be updated.
2026-08-02T23:14:27Z [5,254ms] [Warning] [omni.physx.plugin] Cloning joints /World/envs/env_75/Robot/Physics/root_joint without a body rel may cause issues, since the localPose wont be updated.
2026-08-02T23:14:27Z [5,254ms] [Warning] [omni.physx.plugin] Cloning joints /World/envs/env_76/Robot/Physics/root_joint without a body rel may cause issues, since the localPose wont be updated.
2026-08-02T23:14:27Z [5,254ms] [Warning] [omni.physx.plugin] Cloning joints /World/envs/env_77/Robot/Physics/root_joint without a body rel may cause issues, since the localPose wont be updated.
2026-08-02T23:14:27Z [5,254ms] [Warning] [omni.physx.plugin] Cloning joints /World/envs/env_78/Robot/Physics/root_joint without a body rel may cause issues, since the localPose wont be updated.
2026-08-02T23:14:27Z [5,255ms] [Warning] [omni.physx.plugin] Cloning joints /World/envs/env_79/Robot/Physics/root_joint without a body rel may cause issues, since the localPose wont be updated.
2026-08-02T23:14:27Z [5,255ms] [Warning] [omni.physx.plugin] Cloning joints /World/envs/env_80/Robot/Physics/root_joint without a body rel may cause issues, since the localPose wont be updated.
2026-08-02T23:14:27Z [5,255ms] [Warning] [omni.physx.plugin] Cloning joints /World/envs/env_81/Robot/Physics/root_joint without a body rel may cause issues, since the localPose wont be updated.
2026-08-02T23:14:27Z [5,255ms] [Warning] [omni.physx.plugin] Cloning joints /World/envs/env_82/Robot/Physics/root_joint without a body rel may cause issues, since the localPose wont be updated.
2026-08-02T23:14:27Z [5,256ms] [Warning] [omni.physx.plugin] Cloning joints /World/envs/env_83/Robot/Physics/root_joint without a body rel may cause issues, since the localPose wont be updated.
2026-08-02T23:14:27Z [5,256ms] [Warning] [omni.physx.plugin] Cloning joints /World/envs/env_84/Robot/Physics/root_joint without a body rel may cause issues, since the localPose wont be updated.
2026-08-02T23:14:27Z [5,256ms] [Warning] [omni.physx.plugin] Cloning joints /World/envs/env_85/Robot/Physics/root_joint without a body rel may cause issues, since the localPose wont be updated.
2026-08-02T23:14:27Z [5,256ms] [Warning] [omni.physx.plugin] Cloning joints /World/envs/env_86/Robot/Physics/root_joint without a body rel may cause issues, since the localPose wont be updated.
2026-08-02T23:14:27Z [5,257ms] [Warning] [omni.physx.plugin] Cloning joints /World/envs/env_87/Robot/Physics/root_joint without a body rel may cause issues, since the localPose wont be updated.
2026-08-02T23:14:27Z [5,257ms] [Warning] [omni.physx.plugin] Cloning joints /World/envs/env_88/Robot/Physics/root_joint without a body rel may cause issues, since the localPose wont be updated.
2026-08-02T23:14:27Z [5,257ms] [Warning] [omni.physx.plugin] Cloning joints /World/envs/env_89/Robot/Physics/root_joint without a body rel may cause issues, since the localPose wont be updated.
2026-08-02T23:14:27Z [5,257ms] [Warning] [omni.physx.plugin] Cloning joints /World/envs/env_90/Robot/Physics/root_joint without a body rel may cause issues, since the localPose wont be updated.
2026-08-02T23:14:27Z [5,258ms] [Warning] [omni.physx.plugin] Cloning joints /World/envs/env_91/Robot/Physics/root_joint without a body rel may cause issues, since the localPose wont be updated.
2026-08-02T23:14:27Z [5,258ms] [Warning] [omni.physx.plugin] Cloning joints /World/envs/env_92/Robot/Physics/root_joint without a body rel may cause issues, since the localPose wont be updated.
2026-08-02T23:14:27Z [5,258ms] [Warning] [omni.physx.plugin] Cloning joints /World/envs/env_93/Robot/Physics/root_joint without a body rel may cause issues, since the localPose wont be updated.
2026-08-02T23:14:27Z [5,258ms] [Warning] [omni.physx.plugin] Cloning joints /World/envs/env_94/Robot/Physics/root_joint without a body rel may cause issues, since the localPose wont be updated.
2026-08-02T23:14:27Z [5,259ms] [Warning] [omni.physx.plugin] Cloning joints /World/envs/env_95/Robot/Physics/root_joint without a body rel may cause issues, since the localPose wont be updated.
2026-08-02T23:14:27Z [5,259ms] [Warning] [omni.physx.plugin] Cloning joints /World/envs/env_96/Robot/Physics/root_joint without a body rel may cause issues, since the localPose wont be updated.
2026-08-02T23:14:27Z [5,259ms] [Warning] [omni.physx.plugin] Cloning joints /World/envs/env_97/Robot/Physics/root_joint without a body rel may cause issues, since the localPose wont be updated.
2026-08-02T23:14:27Z [5,259ms] [Warning] [omni.physx.plugin] Cloning joints /World/envs/env_98/Robot/Physics/root_joint without a body rel may cause issues, since the localPose wont be updated.
2026-08-02T23:14:27Z [5,260ms] [Warning] [omni.physx.plugin] Cloning joints /World/envs/env_99/Robot/Physics/root_joint without a body rel may cause issues, since the localPose wont be updated.
2026-08-02T23:14:27Z [5,260ms] [Warning] [omni.physx.plugin] Cloning joints /World/envs/env_100/Robot/Physics/root_joint without a body rel may cause issues, since the localPose wont be updated.
2026-08-02T23:14:27Z [5,260ms] [Warning] [omni.physx.plugin] Cloning joints /World/envs/env_101/Robot/Physics/root_joint without a body rel may cause issues, since the localPose wont be updated.
2026-08-02T23:14:27Z [5,260ms] [Warning] [omni.physx.plugin] Cloning joints /World/envs/env_102/Robot/Physics/root_joint without a body rel may cause issues, since the localPose wont be updated.
2026-08-02T23:14:27Z [5,261ms] [Warning] [omni.physx.plugin] Cloning joints /World/envs/env_103/Robot/Physics/root_joint without a body rel may cause issues, since the localPose wont be updated.
2026-08-02T23:14:27Z [5,261ms] [Warning] [omni.physx.plugin] Cloning joints /World/envs/env_104/Robot/Physics/root_joint without a body rel may cause issues, since the localPose wont be updated.
2026-08-02T23:14:27Z [5,261ms] [Warning] [omni.physx.plugin] Cloning joints /World/envs/env_105/Robot/Physics/root_joint without a body rel may cause issues, since the localPose wont be updated.
2026-08-02T23:14:27Z [5,261ms] [Warning] [omni.physx.plugin] Cloning joints /World/envs/env_106/Robot/Physics/root_joint without a body rel may cause issues, since the localPose wont be updated.
2026-08-02T23:14:27Z [5,262ms] [Warning] [omni.physx.plugin] Cloning joints /World/envs/env_107/Robot/Physics/root_joint without a body rel may cause issues, since the localPose wont be updated.
2026-08-02T23:14:27Z [5,262ms] [Warning] [omni.physx.plugin] Cloning joints /World/envs/env_108/Robot/Physics/root_joint without a body rel may cause issues, since the localPose wont be updated.
2026-08-02T23:14:27Z [5,262ms] [Warning] [omni.physx.plugin] Cloning joints /World/envs/env_109/Robot/Physics/root_joint without a body rel may cause issues, since the localPose wont be updated.
2026-08-02T23:14:27Z [5,262ms] [Warning] [omni.physx.plugin] Cloning joints /World/envs/env_110/Robot/Physics/root_joint without a body rel may cause issues, since the localPose wont be updated.
2026-08-02T23:14:27Z [5,263ms] [Warning] [omni.physx.plugin] Cloning joints /World/envs/env_111/Robot/Physics/root_joint without a body rel may cause issues, since the localPose wont be updated.
2026-08-02T23:14:27Z [5,263ms] [Warning] [omni.physx.plugin] Cloning joints /World/envs/env_112/Robot/Physics/root_joint without a body rel may cause issues, since the localPose wont be updated.
2026-08-02T23:14:27Z [5,263ms] [Warning] [omni.physx.plugin] Cloning joints /World/envs/env_113/Robot/Physics/root_joint without a body rel may cause issues, since the localPose wont be updated.
2026-08-02T23:14:27Z [5,263ms] [Warning] [omni.physx.plugin] Cloning joints /World/envs/env_114/Robot/Physics/root_joint without a body rel may cause issues, since the localPose wont be updated.
2026-08-02T23:14:27Z [5,264ms] [Warning] [omni.physx.plugin] Cloning joints /World/envs/env_115/Robot/Physics/root_joint without a body rel may cause issues, since the localPose wont be updated.
2026-08-02T23:14:27Z [5,264ms] [Warning] [omni.physx.plugin] Cloning joints /World/envs/env_116/Robot/Physics/root_joint without a body rel may cause issues, since the localPose wont be updated.
2026-08-02T23:14:27Z [5,264ms] [Warning] [omni.physx.plugin] Cloning joints /World/envs/env_117/Robot/Physics/root_joint without a body rel may cause issues, since the localPose wont be updated.
2026-08-02T23:14:27Z [5,264ms] [Warning] [omni.physx.plugin] Cloning joints /World/envs/env_118/Robot/Physics/root_joint without a body rel may cause issues, since the localPose wont be updated.
2026-08-02T23:14:27Z [5,265ms] [Warning] [omni.physx.plugin] Cloning joints /World/envs/env_119/Robot/Physics/root_joint without a body rel may cause issues, since the localPose wont be updated.
2026-08-02T23:14:27Z [5,265ms] [Warning] [omni.physx.plugin] Cloning joints /World/envs/env_120/Robot/Physics/root_joint without a body rel may cause issues, since the localPose wont be updated.
2026-08-02T23:14:27Z [5,265ms] [Warning] [omni.physx.plugin] Cloning joints /World/envs/env_121/Robot/Physics/root_joint without a body rel may cause issues, since the localPose wont be updated.
2026-08-02T23:14:27Z [5,265ms] [Warning] [omni.physx.plugin] Cloning joints /World/envs/env_122/Robot/Physics/root_joint without a body rel may cause issues, since the localPose wont be updated.
2026-08-02T23:14:27Z [5,266ms] [Warning] [omni.physx.plugin] Cloning joints /World/envs/env_123/Robot/Physics/root_joint without a body rel may cause issues, since the localPose wont be updated.
2026-08-02T23:14:27Z [5,266ms] [Warning] [omni.physx.plugin] Cloning joints /World/envs/env_124/Robot/Physics/root_joint without a body rel may cause issues, since the localPose wont be updated.
2026-08-02T23:14:27Z [5,266ms] [Warning] [omni.physx.plugin] Cloning joints /World/envs/env_125/Robot/Physics/root_joint without a body rel may cause issues, since the localPose wont be updated.
2026-08-02T23:14:27Z [5,266ms] [Warning] [omni.physx.plugin] Cloning joints /World/envs/env_126/Robot/Physics/root_joint without a body rel may cause issues, since the localPose wont be updated.
2026-08-02T23:14:27Z [5,267ms] [Warning] [omni.physx.plugin] Cloning joints /World/envs/env_127/Robot/Physics/root_joint without a body rel may cause issues, since the localPose wont be updated.
2026-08-02T23:14:28Z [6,014ms] [Warning] [usdrt.population.plugin] Last global time was not created. Did you call setEnableUsdNoticeHandling?
2026-08-02T23:14:28Z [6,155ms] [Warning] [omni.physx.tensors.plugin] Failed to find articulation at '/World/envs/env_0/Robot/Geometry/base_link/base_link'
2026-08-02T23:14:28Z [6,155ms] [Warning] [omni.physx.tensors.plugin] Failed to find articulation at '/World/envs/env_1/Robot/Geometry/base_link/base_link'
2026-08-02T23:14:28Z [6,155ms] [Warning] [omni.physx.tensors.plugin] Failed to find articulation at '/World/envs/env_2/Robot/Geometry/base_link/base_link'
2026-08-02T23:14:28Z [6,155ms] [Warning] [omni.physx.tensors.plugin] Failed to find articulation at '/World/envs/env_3/Robot/Geometry/base_link/base_link'
2026-08-02T23:14:28Z [6,155ms] [Warning] [omni.physx.tensors.plugin] Failed to find articulation at '/World/envs/env_4/Robot/Geometry/base_link/base_link'
2026-08-02T23:14:28Z [6,155ms] [Warning] [omni.physx.tensors.plugin] Failed to find articulation at '/World/envs/env_5/Robot/Geometry/base_link/base_link'
2026-08-02T23:14:28Z [6,155ms] [Warning] [omni.physx.tensors.plugin] Failed to find articulation at '/World/envs/env_6/Robot/Geometry/base_link/base_link'
2026-08-02T23:14:28Z [6,155ms] [Warning] [omni.physx.tensors.plugin] Failed to find articulation at '/World/envs/env_7/Robot/Geometry/base_link/base_link'
2026-08-02T23:14:28Z [6,155ms] [Warning] [omni.physx.tensors.plugin] Failed to find articulation at '/World/envs/env_8/Robot/Geometry/base_link/base_link'
2026-08-02T23:14:28Z [6,155ms] [Warning] [omni.physx.tensors.plugin] Failed to find articulation at '/World/envs/env_9/Robot/Geometry/base_link/base_link'
2026-08-02T23:14:28Z [6,155ms] [Warning] [omni.physx.tensors.plugin] Failed to find articulation at '/World/envs/env_10/Robot/Geometry/base_link/base_link'
2026-08-02T23:14:28Z [6,155ms] [Warning] [omni.physx.tensors.plugin] Failed to find articulation at '/World/envs/env_11/Robot/Geometry/base_link/base_link'
2026-08-02T23:14:28Z [6,155ms] [Warning] [omni.physx.tensors.plugin] Failed to find articulation at '/World/envs/env_12/Robot/Geometry/base_link/base_link'
2026-08-02T23:14:28Z [6,155ms] [Warning] [omni.physx.tensors.plugin] Failed to find articulation at '/World/envs/env_13/Robot/Geometry/base_link/base_link'
2026-08-02T23:14:28Z [6,155ms] [Warning] [omni.physx.tensors.plugin] Failed to find articulation at '/World/envs/env_14/Robot/Geometry/base_link/base_link'
2026-08-02T23:14:28Z [6,155ms] [Warning] [omni.physx.tensors.plugin] Failed to find articulation at '/World/envs/env_15/Robot/Geometry/base_link/base_link'
2026-08-02T23:14:28Z [6,155ms] [Warning] [omni.physx.tensors.plugin] Failed to find articulation at '/World/envs/env_16/Robot/Geometry/base_link/base_link'
2026-08-02T23:14:28Z [6,156ms] [Warning] [omni.physx.tensors.plugin] Failed to find articulation at '/World/envs/env_17/Robot/Geometry/base_link/base_link'
2026-08-02T23:14:28Z [6,156ms] [Warning] [omni.physx.tensors.plugin] Failed to find articulation at '/World/envs/env_18/Robot/Geometry/base_link/base_link'
2026-08-02T23:14:28Z [6,156ms] [Warning] [omni.physx.tensors.plugin] Failed to find articulation at '/World/envs/env_19/Robot/Geometry/base_link/base_link'
2026-08-02T23:14:28Z [6,156ms] [Warning] [omni.physx.tensors.plugin] Failed to find articulation at '/World/envs/env_20/Robot/Geometry/base_link/base_link'
2026-08-02T23:14:28Z [6,156ms] [Warning] [omni.physx.tensors.plugin] Failed to find articulation at '/World/envs/env_21/Robot/Geometry/base_link/base_link'
2026-08-02T23:14:28Z [6,156ms] [Warning] [omni.physx.tensors.plugin] Failed to find articulation at '/World/envs/env_22/Robot/Geometry/base_link/base_link'
2026-08-02T23:14:28Z [6,156ms] [Warning] [omni.physx.tensors.plugin] Failed to find articulation at '/World/envs/env_23/Robot/Geometry/base_link/base_link'
2026-08-02T23:14:28Z [6,156ms] [Warning] [omni.physx.tensors.plugin] Failed to find articulation at '/World/envs/env_24/Robot/Geometry/base_link/base_link'
2026-08-02T23:14:28Z [6,156ms] [Warning] [omni.physx.tensors.plugin] Failed to find articulation at '/World/envs/env_25/Robot/Geometry/base_link/base_link'
2026-08-02T23:14:28Z [6,156ms] [Warning] [omni.physx.tensors.plugin] Failed to find articulation at '/World/envs/env_26/Robot/Geometry/base_link/base_link'
2026-08-02T23:14:28Z [6,156ms] [Warning] [omni.physx.tensors.plugin] Failed to find articulation at '/World/envs/env_27/Robot/Geometry/base_link/base_link'
2026-08-02T23:14:28Z [6,156ms] [Warning] [omni.physx.tensors.plugin] Failed to find articulation at '/World/envs/env_28/Robot/Geometry/base_link/base_link'
2026-08-02T23:14:28Z [6,156ms] [Warning] [omni.physx.tensors.plugin] Failed to find articulation at '/World/envs/env_29/Robot/Geometry/base_link/base_link'
2026-08-02T23:14:28Z [6,156ms] [Warning] [omni.physx.tensors.plugin] Failed to find articulation at '/World/envs/env_30/Robot/Geometry/base_link/base_link'
2026-08-02T23:14:28Z [6,156ms] [Warning] [omni.physx.tensors.plugin] Failed to find articulation at '/World/envs/env_31/Robot/Geometry/base_link/base_link'
2026-08-02T23:14:28Z [6,156ms] [Warning] [omni.physx.tensors.plugin] Failed to find articulation at '/World/envs/env_32/Robot/Geometry/base_link/base_link'
2026-08-02T23:14:28Z [6,156ms] [Warning] [omni.physx.tensors.plugin] Failed to find articulation at '/World/envs/env_33/Robot/Geometry/base_link/base_link'
2026-08-02T23:14:28Z [6,156ms] [Warning] [omni.physx.tensors.plugin] Failed to find articulation at '/World/envs/env_34/Robot/Geometry/base_link/base_link'
2026-08-02T23:14:28Z [6,156ms] [Warning] [omni.physx.tensors.plugin] Failed to find articulation at '/World/envs/env_35/Robot/Geometry/base_link/base_link'
2026-08-02T23:14:28Z [6,156ms] [Warning] [omni.physx.tensors.plugin] Failed to find articulation at '/World/envs/env_36/Robot/Geometry/base_link/base_link'
2026-08-02T23:14:28Z [6,156ms] [Warning] [omni.physx.tensors.plugin] Failed to find articulation at '/World/envs/env_37/Robot/Geometry/base_link/base_link'
2026-08-02T23:14:28Z [6,156ms] [Warning] [omni.physx.tensors.plugin] Failed to find articulation at '/World/envs/env_38/Robot/Geometry/base_link/base_link'
2026-08-02T23:14:28Z [6,156ms] [Warning] [omni.physx.tensors.plugin] Failed to find articulation at '/World/envs/env_39/Robot/Geometry/base_link/base_link'
2026-08-02T23:14:28Z [6,156ms] [Warning] [omni.physx.tensors.plugin] Failed to find articulation at '/World/envs/env_40/Robot/Geometry/base_link/base_link'
2026-08-02T23:14:28Z [6,156ms] [Warning] [omni.physx.tensors.plugin] Failed to find articulation at '/World/envs/env_41/Robot/Geometry/base_link/base_link'
2026-08-02T23:14:28Z [6,156ms] [Warning] [omni.physx.tensors.plugin] Failed to find articulation at '/World/envs/env_42/Robot/Geometry/base_link/base_link'
2026-08-02T23:14:28Z [6,156ms] [Warning] [omni.physx.tensors.plugin] Failed to find articulation at '/World/envs/env_43/Robot/Geometry/base_link/base_link'
2026-08-02T23:14:28Z [6,156ms] [Warning] [omni.physx.tensors.plugin] Failed to find articulation at '/World/envs/env_44/Robot/Geometry/base_link/base_link'
2026-08-02T23:14:28Z [6,156ms] [Warning] [omni.physx.tensors.plugin] Failed to find articulation at '/World/envs/env_45/Robot/Geometry/base_link/base_link'
2026-08-02T23:14:28Z [6,156ms] [Warning] [omni.physx.tensors.plugin] Failed to find articulation at '/World/envs/env_46/Robot/Geometry/base_link/base_link'
2026-08-02T23:14:28Z [6,156ms] [Warning] [omni.physx.tensors.plugin] Failed to find articulation at '/World/envs/env_47/Robot/Geometry/base_link/base_link'
2026-08-02T23:14:28Z [6,156ms] [Warning] [omni.physx.tensors.plugin] Failed to find articulation at '/World/envs/env_48/Robot/Geometry/base_link/base_link'
2026-08-02T23:14:28Z [6,156ms] [Warning] [omni.physx.tensors.plugin] Failed to find articulation at '/World/envs/env_49/Robot/Geometry/base_link/base_link'
2026-08-02T23:14:28Z [6,156ms] [Warning] [omni.physx.tensors.plugin] Failed to find articulation at '/World/envs/env_50/Robot/Geometry/base_link/base_link'
2026-08-02T23:14:28Z [6,156ms] [Warning] [omni.physx.tensors.plugin] Failed to find articulation at '/World/envs/env_51/Robot/Geometry/base_link/base_link'
2026-08-02T23:14:28Z [6,156ms] [Warning] [omni.physx.tensors.plugin] Failed to find articulation at '/World/envs/env_52/Robot/Geometry/base_link/base_link'
2026-08-02T23:14:28Z [6,156ms] [Warning] [omni.physx.tensors.plugin] Failed to find articulation at '/World/envs/env_53/Robot/Geometry/base_link/base_link'
2026-08-02T23:14:28Z [6,156ms] [Warning] [omni.physx.tensors.plugin] Failed to find articulation at '/World/envs/env_54/Robot/Geometry/base_link/base_link'
2026-08-02T23:14:28Z [6,156ms] [Warning] [omni.physx.tensors.plugin] Failed to find articulation at '/World/envs/env_55/Robot/Geometry/base_link/base_link'
2026-08-02T23:14:28Z [6,156ms] [Warning] [omni.physx.tensors.plugin] Failed to find articulation at '/World/envs/env_56/Robot/Geometry/base_link/base_link'
2026-08-02T23:14:28Z [6,157ms] [Warning] [omni.physx.tensors.plugin] Failed to find articulation at '/World/envs/env_57/Robot/Geometry/base_link/base_link'
2026-08-02T23:14:28Z [6,157ms] [Warning] [omni.physx.tensors.plugin] Failed to find articulation at '/World/envs/env_58/Robot/Geometry/base_link/base_link'
2026-08-02T23:14:28Z [6,157ms] [Warning] [omni.physx.tensors.plugin] Failed to find articulation at '/World/envs/env_59/Robot/Geometry/base_link/base_link'
2026-08-02T23:14:28Z [6,157ms] [Warning] [omni.physx.tensors.plugin] Failed to find articulation at '/World/envs/env_60/Robot/Geometry/base_link/base_link'
2026-08-02T23:14:28Z [6,157ms] [Warning] [omni.physx.tensors.plugin] Failed to find articulation at '/World/envs/env_61/Robot/Geometry/base_link/base_link'
2026-08-02T23:14:28Z [6,157ms] [Warning] [omni.physx.tensors.plugin] Failed to find articulation at '/World/envs/env_62/Robot/Geometry/base_link/base_link'
2026-08-02T23:14:28Z [6,157ms] [Warning] [omni.physx.tensors.plugin] Failed to find articulation at '/World/envs/env_63/Robot/Geometry/base_link/base_link'
2026-08-02T23:14:28Z [6,157ms] [Warning] [omni.physx.tensors.plugin] Failed to find articulation at '/World/envs/env_64/Robot/Geometry/base_link/base_link'
2026-08-02T23:14:28Z [6,157ms] [Warning] [omni.physx.tensors.plugin] Failed to find articulation at '/World/envs/env_65/Robot/Geometry/base_link/base_link'
2026-08-02T23:14:28Z [6,157ms] [Warning] [omni.physx.tensors.plugin] Failed to find articulation at '/World/envs/env_66/Robot/Geometry/base_link/base_link'
2026-08-02T23:14:28Z [6,157ms] [Warning] [omni.physx.tensors.plugin] Failed to find articulation at '/World/envs/env_67/Robot/Geometry/base_link/base_link'
2026-08-02T23:14:28Z [6,157ms] [Warning] [omni.physx.tensors.plugin] Failed to find articulation at '/World/envs/env_68/Robot/Geometry/base_link/base_link'
2026-08-02T23:14:28Z [6,157ms] [Warning] [omni.physx.tensors.plugin] Failed to find articulation at '/World/envs/env_69/Robot/Geometry/base_link/base_link'
2026-08-02T23:14:28Z [6,157ms] [Warning] [omni.physx.tensors.plugin] Failed to find articulation at '/World/envs/env_70/Robot/Geometry/base_link/base_link'
2026-08-02T23:14:28Z [6,157ms] [Warning] [omni.physx.tensors.plugin] Failed to find articulation at '/World/envs/env_71/Robot/Geometry/base_link/base_link'
2026-08-02T23:14:28Z [6,157ms] [Warning] [omni.physx.tensors.plugin] Failed to find articulation at '/World/envs/env_72/Robot/Geometry/base_link/base_link'
2026-08-02T23:14:28Z [6,157ms] [Warning] [omni.physx.tensors.plugin] Failed to find articulation at '/World/envs/env_73/Robot/Geometry/base_link/base_link'
2026-08-02T23:14:28Z [6,157ms] [Warning] [omni.physx.tensors.plugin] Failed to find articulation at '/World/envs/env_74/Robot/Geometry/base_link/base_link'
2026-08-02T23:14:28Z [6,157ms] [Warning] [omni.physx.tensors.plugin] Failed to find articulation at '/World/envs/env_75/Robot/Geometry/base_link/base_link'
2026-08-02T23:14:28Z [6,157ms] [Warning] [omni.physx.tensors.plugin] Failed to find articulation at '/World/envs/env_76/Robot/Geometry/base_link/base_link'
2026-08-02T23:14:28Z [6,157ms] [Warning] [omni.physx.tensors.plugin] Failed to find articulation at '/World/envs/env_77/Robot/Geometry/base_link/base_link'
2026-08-02T23:14:28Z [6,157ms] [Warning] [omni.physx.tensors.plugin] Failed to find articulation at '/World/envs/env_78/Robot/Geometry/base_link/base_link'
2026-08-02T23:14:28Z [6,157ms] [Warning] [omni.physx.tensors.plugin] Failed to find articulation at '/World/envs/env_79/Robot/Geometry/base_link/base_link'
2026-08-02T23:14:28Z [6,157ms] [Warning] [omni.physx.tensors.plugin] Failed to find articulation at '/World/envs/env_80/Robot/Geometry/base_link/base_link'
2026-08-02T23:14:28Z [6,157ms] [Warning] [omni.physx.tensors.plugin] Failed to find articulation at '/World/envs/env_81/Robot/Geometry/base_link/base_link'
2026-08-02T23:14:28Z [6,157ms] [Warning] [omni.physx.tensors.plugin] Failed to find articulation at '/World/envs/env_82/Robot/Geometry/base_link/base_link'
2026-08-02T23:14:28Z [6,157ms] [Warning] [omni.physx.tensors.plugin] Failed to find articulation at '/World/envs/env_83/Robot/Geometry/base_link/base_link'
2026-08-02T23:14:28Z [6,157ms] [Warning] [omni.physx.tensors.plugin] Failed to find articulation at '/World/envs/env_84/Robot/Geometry/base_link/base_link'
2026-08-02T23:14:28Z [6,157ms] [Warning] [omni.physx.tensors.plugin] Failed to find articulation at '/World/envs/env_85/Robot/Geometry/base_link/base_link'
2026-08-02T23:14:28Z [6,157ms] [Warning] [omni.physx.tensors.plugin] Failed to find articulation at '/World/envs/env_86/Robot/Geometry/base_link/base_link'
2026-08-02T23:14:28Z [6,157ms] [Warning] [omni.physx.tensors.plugin] Failed to find articulation at '/World/envs/env_87/Robot/Geometry/base_link/base_link'
2026-08-02T23:14:28Z [6,157ms] [Warning] [omni.physx.tensors.plugin] Failed to find articulation at '/World/envs/env_88/Robot/Geometry/base_link/base_link'
2026-08-02T23:14:28Z [6,157ms] [Warning] [omni.physx.tensors.plugin] Failed to find articulation at '/World/envs/env_89/Robot/Geometry/base_link/base_link'
2026-08-02T23:14:28Z [6,157ms] [Warning] [omni.physx.tensors.plugin] Failed to find articulation at '/World/envs/env_90/Robot/Geometry/base_link/base_link'
2026-08-02T23:14:28Z [6,157ms] [Warning] [omni.physx.tensors.plugin] Failed to find articulation at '/World/envs/env_91/Robot/Geometry/base_link/base_link'
2026-08-02T23:14:28Z [6,157ms] [Warning] [omni.physx.tensors.plugin] Failed to find articulation at '/World/envs/env_92/Robot/Geometry/base_link/base_link'
2026-08-02T23:14:28Z [6,157ms] [Warning] [omni.physx.tensors.plugin] Failed to find articulation at '/World/envs/env_93/Robot/Geometry/base_link/base_link'
2026-08-02T23:14:28Z [6,157ms] [Warning] [omni.physx.tensors.plugin] Failed to find articulation at '/World/envs/env_94/Robot/Geometry/base_link/base_link'
2026-08-02T23:14:28Z [6,157ms] [Warning] [omni.physx.tensors.plugin] Failed to find articulation at '/World/envs/env_95/Robot/Geometry/base_link/base_link'
2026-08-02T23:14:28Z [6,157ms] [Warning] [omni.physx.tensors.plugin] Failed to find articulation at '/World/envs/env_96/Robot/Geometry/base_link/base_link'
2026-08-02T23:14:28Z [6,157ms] [Warning] [omni.physx.tensors.plugin] Failed to find articulation at '/World/envs/env_97/Robot/Geometry/base_link/base_link'
2026-08-02T23:14:28Z [6,157ms] [Warning] [omni.physx.tensors.plugin] Failed to find articulation at '/World/envs/env_98/Robot/Geometry/base_link/base_link'
2026-08-02T23:14:28Z [6,158ms] [Warning] [omni.physx.tensors.plugin] Failed to find articulation at '/World/envs/env_99/Robot/Geometry/base_link/base_link'
2026-08-02T23:14:28Z [6,158ms] [Warning] [omni.physx.tensors.plugin] Failed to find articulation at '/World/envs/env_100/Robot/Geometry/base_link/base_link'
2026-08-02T23:14:28Z [6,158ms] [Warning] [omni.physx.tensors.plugin] Failed to find articulation at '/World/envs/env_101/Robot/Geometry/base_link/base_link'
2026-08-02T23:14:28Z [6,158ms] [Warning] [omni.physx.tensors.plugin] Failed to find articulation at '/World/envs/env_102/Robot/Geometry/base_link/base_link'
2026-08-02T23:14:28Z [6,158ms] [Warning] [omni.physx.tensors.plugin] Failed to find articulation at '/World/envs/env_103/Robot/Geometry/base_link/base_link'
2026-08-02T23:14:28Z [6,158ms] [Warning] [omni.physx.tensors.plugin] Failed to find articulation at '/World/envs/env_104/Robot/Geometry/base_link/base_link'
2026-08-02T23:14:28Z [6,158ms] [Warning] [omni.physx.tensors.plugin] Failed to find articulation at '/World/envs/env_105/Robot/Geometry/base_link/base_link'
[INFO]: Time taken for scene creation Last: 1.081048 s, Mean: 1.081048 s, Std: 0.000000 s, N: 1
[INFO]: Scene manager:  <class InteractiveScene>
	Number of environments: 128
	Environment spacing   : 2.0
	Source prim name      : /World/envs/env_0
	Global prim paths     : []
	Replicate physics     : True
[INFO]: Simulation parameters for joints in /World/envs/env_.*/Robot:
+------------------------------------------------------------------------------------------------------------------------------------------------------------------+
|                                                Simulation Joint Information (Prim path: /World/envs/env_.*/Robot)                                                |
+-------+-------------+-----------+---------+----------+-----------------+------------------+------------------+-----------------+-----------------+---------------+
| Index | Name        | Stiffness | Damping | Armature | Static Friction | Dynamic Friction | Viscous Friction | Position Limits | Velocity Limits | Effort Limits |
+-------+-------------+-----------+---------+----------+-----------------+------------------+------------------+-----------------+-----------------+---------------+
|   0   | joint1      |  2.9e+04  | 3.4e+03 |  0.000   |      0.000      |      0.000       |      0.000       | [-2.800, 2.800] |      50.000     |     36.000    |
|   1   | joint2      |  8.6e+04  | 5.5e+03 |  0.000   |      0.000      |      0.000       |      0.000       | [-3.140, 0.000] |      50.000     |     36.000    |
|   2   | joint3      |  5.7e+04  | 4.4e+03 |  0.000   |      0.000      |      0.000       |      0.000       | [-3.140, 0.000] |      50.000     |     36.000    |
|   3   | joint4      |  8.6e+03  | 1.0e+03 |  0.000   |      0.000      |      0.000       |      0.000       | [-1.790, 1.690] |      40.000     |     14.000    |
|   4   | joint5      |  4.6e+03  | 572.958 |  0.000   |      0.000      |      0.000       |      0.000       | [-1.570, 1.570] |      40.000     |     14.000    |
|   5   | joint6      |  2.9e+03  | 401.070 |  0.000   |      0.000      |      0.000       |      0.000       | [-3.140, 3.140] |      40.000     |     14.000    |
|   6   | joint_left  |  2.0e+03  |  40.000 |  0.000   |      0.000      |      0.000       |      0.000       |  [0.000, 0.050] |      10.000     |    500.000    |
|   7   | joint_right |  2.0e+03  |  40.000 |  0.000   |      0.000      |      0.000       |      0.000       |  [0.000, 0.072] |      10.000     |    500.000    |
+-------+-------------+-----------+---------+----------+-----------------+------------------+------------------+-----------------+-----------------+---------------+
[INFO]: Offsets application needed from '/World/envs/env_.*/Robot/Geometry/base_link' to the following target frames: ['end_effector']
2026-08-02T23:14:28Z [6,158ms] [Warning] [omni.physx.tensors.plugin] Failed to find articulation at '/World/envs/env_106/Robot/Geometry/base_link/base_link'
2026-08-02T23:14:28Z [6,158ms] [Warning] [omni.physx.tensors.plugin] Failed to find articulation at '/World/envs/env_107/Robot/Geometry/base_link/base_link'
2026-08-02T23:14:28Z [6,158ms] [Warning] [omni.physx.tensors.plugin] Failed to find articulation at '/World/envs/env_108/Robot/Geometry/base_link/base_link'
2026-08-02T23:14:28Z [6,158ms] [Warning] [omni.physx.tensors.plugin] Failed to find articulation at '/World/envs/env_109/Robot/Geometry/base_link/base_link'
2026-08-02T23:14:28Z [6,158ms] [Warning] [omni.physx.tensors.plugin] Failed to find articulation at '/World/envs/env_110/Robot/Geometry/base_link/base_link'
2026-08-02T23:14:28Z [6,158ms] [Warning] [omni.physx.tensors.plugin] Failed to find articulation at '/World/envs/env_111/Robot/Geometry/base_link/base_link'
2026-08-02T23:14:28Z [6,158ms] [Warning] [omni.physx.tensors.plugin] Failed to find articulation at '/World/envs/env_112/Robot/Geometry/base_link/base_link'
2026-08-02T23:14:28Z [6,158ms] [Warning] [omni.physx.tensors.plugin] Failed to find articulation at '/World/envs/env_113/Robot/Geometry/base_link/base_link'
2026-08-02T23:14:28Z [6,158ms] [Warning] [omni.physx.tensors.plugin] Failed to find articulation at '/World/envs/env_114/Robot/Geometry/base_link/base_link'
2026-08-02T23:14:28Z [6,158ms] [Warning] [omni.physx.tensors.plugin] Failed to find articulation at '/World/envs/env_115/Robot/Geometry/base_link/base_link'
2026-08-02T23:14:28Z [6,158ms] [Warning] [omni.physx.tensors.plugin] Failed to find articulation at '/World/envs/env_116/Robot/Geometry/base_link/base_link'
2026-08-02T23:14:28Z [6,158ms] [Warning] [omni.physx.tensors.plugin] Failed to find articulation at '/World/envs/env_117/Robot/Geometry/base_link/base_link'
2026-08-02T23:14:28Z [6,158ms] [Warning] [omni.physx.tensors.plugin] Failed to find articulation at '/World/envs/env_118/Robot/Geometry/base_link/base_link'
2026-08-02T23:14:28Z [6,158ms] [Warning] [omni.physx.tensors.plugin] Failed to find articulation at '/World/envs/env_119/Robot/Geometry/base_link/base_link'
2026-08-02T23:14:28Z [6,158ms] [Warning] [omni.physx.tensors.plugin] Failed to find articulation at '/World/envs/env_120/Robot/Geometry/base_link/base_link'
2026-08-02T23:14:28Z [6,158ms] [Warning] [omni.physx.tensors.plugin] Failed to find articulation at '/World/envs/env_121/Robot/Geometry/base_link/base_link'
2026-08-02T23:14:28Z [6,158ms] [Warning] [omni.physx.tensors.plugin] Failed to find articulation at '/World/envs/env_122/Robot/Geometry/base_link/base_link'
2026-08-02T23:14:28Z [6,158ms] [Warning] [omni.physx.tensors.plugin] Failed to find articulation at '/World/envs/env_123/Robot/Geometry/base_link/base_link'
2026-08-02T23:14:28Z [6,158ms] [Warning] [omni.physx.tensors.plugin] Failed to find articulation at '/World/envs/env_124/Robot/Geometry/base_link/base_link'
2026-08-02T23:14:28Z [6,158ms] [Warning] [omni.physx.tensors.plugin] Failed to find articulation at '/World/envs/env_125/Robot/Geometry/base_link/base_link'
2026-08-02T23:14:28Z [6,158ms] [Warning] [omni.physx.tensors.plugin] Failed to find articulation at '/World/envs/env_126/Robot/Geometry/base_link/base_link'
2026-08-02T23:14:28Z [6,158ms] [Warning] [omni.physx.tensors.plugin] Failed to find articulation at '/World/envs/env_127/Robot/Geometry/base_link/base_link'
2026-08-02T23:14:28Z [6,323ms] [Warning] [omni.physx.tensors.plugin] Failed to find rigid body at '/World/envs/env_0/Robot/Geometry/base_link/base_link'
2026-08-02T23:14:28Z [6,323ms] [Warning] [omni.physx.tensors.plugin] Failed to find rigid body at '/World/envs/env_1/Robot/Geometry/base_link/base_link'
2026-08-02T23:14:28Z [6,323ms] [Warning] [omni.physx.tensors.plugin] Failed to find rigid body at '/World/envs/env_2/Robot/Geometry/base_link/base_link'
2026-08-02T23:14:28Z [6,323ms] [Warning] [omni.physx.tensors.plugin] Failed to find rigid body at '/World/envs/env_3/Robot/Geometry/base_link/base_link'
2026-08-02T23:14:28Z [6,323ms] [Warning] [omni.physx.tensors.plugin] Failed to find rigid body at '/World/envs/env_4/Robot/Geometry/base_link/base_link'
2026-08-02T23:14:28Z [6,323ms] [Warning] [omni.physx.tensors.plugin] Failed to find rigid body at '/World/envs/env_5/Robot/Geometry/base_link/base_link'
2026-08-02T23:14:28Z [6,323ms] [Warning] [omni.physx.tensors.plugin] Failed to find rigid body at '/World/envs/env_6/Robot/Geometry/base_link/base_link'
2026-08-02T23:14:28Z [6,323ms] [Warning] [omni.physx.tensors.plugin] Failed to find rigid body at '/World/envs/env_7/Robot/Geometry/base_link/base_link'
2026-08-02T23:14:28Z [6,323ms] [Warning] [omni.physx.tensors.plugin] Failed to find rigid body at '/World/envs/env_8/Robot/Geometry/base_link/base_link'
2026-08-02T23:14:28Z [6,323ms] [Warning] [omni.physx.tensors.plugin] Failed to find rigid body at '/World/envs/env_9/Robot/Geometry/base_link/base_link'
2026-08-02T23:14:28Z [6,323ms] [Warning] [omni.physx.tensors.plugin] Failed to find rigid body at '/World/envs/env_10/Robot/Geometry/base_link/base_link'
2026-08-02T23:14:28Z [6,323ms] [Warning] [omni.physx.tensors.plugin] Failed to find rigid body at '/World/envs/env_11/Robot/Geometry/base_link/base_link'
2026-08-02T23:14:28Z [6,323ms] [Warning] [omni.physx.tensors.plugin] Failed to find rigid body at '/World/envs/env_12/Robot/Geometry/base_link/base_link'
2026-08-02T23:14:28Z [6,323ms] [Warning] [omni.physx.tensors.plugin] Failed to find rigid body at '/World/envs/env_13/Robot/Geometry/base_link/base_link'
2026-08-02T23:14:28Z [6,323ms] [Warning] [omni.physx.tensors.plugin] Failed to find rigid body at '/World/envs/env_14/Robot/Geometry/base_link/base_link'
2026-08-02T23:14:28Z [6,323ms] [Warning] [omni.physx.tensors.plugin] Failed to find rigid body at '/World/envs/env_15/Robot/Geometry/base_link/base_link'
2026-08-02T23:14:28Z [6,323ms] [Warning] [omni.physx.tensors.plugin] Failed to find rigid body at '/World/envs/env_16/Robot/Geometry/base_link/base_link'
2026-08-02T23:14:28Z [6,323ms] [Warning] [omni.physx.tensors.plugin] Failed to find rigid body at '/World/envs/env_17/Robot/Geometry/base_link/base_link'
2026-08-02T23:14:28Z [6,323ms] [Warning] [omni.physx.tensors.plugin] Failed to find rigid body at '/World/envs/env_18/Robot/Geometry/base_link/base_link'
2026-08-02T23:14:28Z [6,323ms] [Warning] [omni.physx.tensors.plugin] Failed to find rigid body at '/World/envs/env_19/Robot/Geometry/base_link/base_link'
2026-08-02T23:14:28Z [6,323ms] [Warning] [omni.physx.tensors.plugin] Failed to find rigid body at '/World/envs/env_20/Robot/Geometry/base_link/base_link'
2026-08-02T23:14:28Z [6,323ms] [Warning] [omni.physx.tensors.plugin] Failed to find rigid body at '/World/envs/env_21/Robot/Geometry/base_link/base_link'
2026-08-02T23:14:28Z [6,323ms] [Warning] [omni.physx.tensors.plugin] Failed to find rigid body at '/World/envs/env_22/Robot/Geometry/base_link/base_link'
2026-08-02T23:14:28Z [6,323ms] [Warning] [omni.physx.tensors.plugin] Failed to find rigid body at '/World/envs/env_23/Robot/Geometry/base_link/base_link'
2026-08-02T23:14:28Z [6,323ms] [Warning] [omni.physx.tensors.plugin] Failed to find rigid body at '/World/envs/env_24/Robot/Geometry/base_link/base_link'
2026-08-02T23:14:28Z [6,323ms] [Warning] [omni.physx.tensors.plugin] Failed to find rigid body at '/World/envs/env_25/Robot/Geometry/base_link/base_link'
2026-08-02T23:14:28Z [6,323ms] [Warning] [omni.physx.tensors.plugin] Failed to find rigid body at '/World/envs/env_26/Robot/Geometry/base_link/base_link'
2026-08-02T23:14:28Z [6,323ms] [Warning] [omni.physx.tensors.plugin] Failed to find rigid body at '/World/envs/env_27/Robot/Geometry/base_link/base_link'
2026-08-02T23:14:28Z [6,323ms] [Warning] [omni.physx.tensors.plugin] Failed to find rigid body at '/World/envs/env_28/Robot/Geometry/base_link/base_link'
2026-08-02T23:14:28Z [6,323ms] [Warning] [omni.physx.tensors.plugin] Failed to find rigid body at '/World/envs/env_29/Robot/Geometry/base_link/base_link'
2026-08-02T23:14:28Z [6,323ms] [Warning] [omni.physx.tensors.plugin] Failed to find rigid body at '/World/envs/env_30/Robot/Geometry/base_link/base_link'
2026-08-02T23:14:28Z [6,323ms] [Warning] [omni.physx.tensors.plugin] Failed to find rigid body at '/World/envs/env_31/Robot/Geometry/base_link/base_link'
2026-08-02T23:14:28Z [6,323ms] [Warning] [omni.physx.tensors.plugin] Failed to find rigid body at '/World/envs/env_32/Robot/Geometry/base_link/base_link'
2026-08-02T23:14:28Z [6,323ms] [Warning] [omni.physx.tensors.plugin] Failed to find rigid body at '/World/envs/env_33/Robot/Geometry/base_link/base_link'
2026-08-02T23:14:28Z [6,323ms] [Warning] [omni.physx.tensors.plugin] Failed to find rigid body at '/World/envs/env_34/Robot/Geometry/base_link/base_link'
2026-08-02T23:14:28Z [6,323ms] [Warning] [omni.physx.tensors.plugin] Failed to find rigid body at '/World/envs/env_35/Robot/Geometry/base_link/base_link'
2026-08-02T23:14:28Z [6,323ms] [Warning] [omni.physx.tensors.plugin] Failed to find rigid body at '/World/envs/env_36/Robot/Geometry/base_link/base_link'
2026-08-02T23:14:28Z [6,323ms] [Warning] [omni.physx.tensors.plugin] Failed to find rigid body at '/World/envs/env_37/Robot/Geometry/base_link/base_link'
2026-08-02T23:14:28Z [6,323ms] [Warning] [omni.physx.tensors.plugin] Failed to find rigid body at '/World/envs/env_38/Robot/Geometry/base_link/base_link'
2026-08-02T23:14:28Z [6,323ms] [Warning] [omni.physx.tensors.plugin] Failed to find rigid body at '/World/envs/env_39/Robot/Geometry/base_link/base_link'
2026-08-02T23:14:28Z [6,323ms] [Warning] [omni.physx.tensors.plugin] Failed to find rigid body at '/World/envs/env_40/Robot/Geometry/base_link/base_link'
2026-08-02T23:14:28Z [6,323ms] [Warning] [omni.physx.tensors.plugin] Failed to find rigid body at '/World/envs/env_41/Robot/Geometry/base_link/base_link'
2026-08-02T23:14:28Z [6,323ms] [Warning] [omni.physx.tensors.plugin] Failed to find rigid body at '/World/envs/env_42/Robot/Geometry/base_link/base_link'
2026-08-02T23:14:28Z [6,323ms] [Warning] [omni.physx.tensors.plugin] Failed to find rigid body at '/World/envs/env_43/Robot/Geometry/base_link/base_link'
2026-08-02T23:14:28Z [6,323ms] [Warning] [omni.physx.tensors.plugin] Failed to find rigid body at '/World/envs/env_44/Robot/Geometry/base_link/base_link'
2026-08-02T23:14:28Z [6,323ms] [Warning] [omni.physx.tensors.plugin] Failed to find rigid body at '/World/envs/env_45/Robot/Geometry/base_link/base_link'
2026-08-02T23:14:28Z [6,323ms] [Warning] [omni.physx.tensors.plugin] Failed to find rigid body at '/World/envs/env_46/Robot/Geometry/base_link/base_link'
2026-08-02T23:14:28Z [6,323ms] [Warning] [omni.physx.tensors.plugin] Failed to find rigid body at '/World/envs/env_47/Robot/Geometry/base_link/base_link'
2026-08-02T23:14:28Z [6,323ms] [Warning] [omni.physx.tensors.plugin] Failed to find rigid body at '/World/envs/env_48/Robot/Geometry/base_link/base_link'
2026-08-02T23:14:28Z [6,323ms] [Warning] [omni.physx.tensors.plugin] Failed to find rigid body at '/World/envs/env_49/Robot/Geometry/base_link/base_link'
2026-08-02T23:14:28Z [6,323ms] [Warning] [omni.physx.tensors.plugin] Failed to find rigid body at '/World/envs/env_50/Robot/Geometry/base_link/base_link'
2026-08-02T23:14:28Z [6,323ms] [Warning] [omni.physx.tensors.plugin] Failed to find rigid body at '/World/envs/env_51/Robot/Geometry/base_link/base_link'
2026-08-02T23:14:28Z [6,323ms] [Warning] [omni.physx.tensors.plugin] Failed to find rigid body at '/World/envs/env_52/Robot/Geometry/base_link/base_link'
2026-08-02T23:14:28Z [6,323ms] [Warning] [omni.physx.tensors.plugin] Failed to find rigid body at '/World/envs/env_53/Robot/Geometry/base_link/base_link'
2026-08-02T23:14:28Z [6,323ms] [Warning] [omni.physx.tensors.plugin] Failed to find rigid body at '/World/envs/env_54/Robot/Geometry/base_link/base_link'
2026-08-02T23:14:28Z [6,323ms] [Warning] [omni.physx.tensors.plugin] Failed to find rigid body at '/World/envs/env_55/Robot/Geometry/base_link/base_link'
2026-08-02T23:14:28Z [6,323ms] [Warning] [omni.physx.tensors.plugin] Failed to find rigid body at '/World/envs/env_56/Robot/Geometry/base_link/base_link'
2026-08-02T23:14:28Z [6,323ms] [Warning] [omni.physx.tensors.plugin] Failed to find rigid body at '/World/envs/env_57/Robot/Geometry/base_link/base_link'
2026-08-02T23:14:28Z [6,323ms] [Warning] [omni.physx.tensors.plugin] Failed to find rigid body at '/World/envs/env_58/Robot/Geometry/base_link/base_link'
2026-08-02T23:14:28Z [6,323ms] [Warning] [omni.physx.tensors.plugin] Failed to find rigid body at '/World/envs/env_59/Robot/Geometry/base_link/base_link'
2026-08-02T23:14:28Z [6,323ms] [Warning] [omni.physx.tensors.plugin] Failed to find rigid body at '/World/envs/env_60/Robot/Geometry/base_link/base_link'
2026-08-02T23:14:28Z [6,323ms] [Warning] [omni.physx.tensors.plugin] Failed to find rigid body at '/World/envs/env_61/Robot/Geometry/base_link/base_link'
2026-08-02T23:14:28Z [6,323ms] [Warning] [omni.physx.tensors.plugin] Failed to find rigid body at '/World/envs/env_62/Robot/Geometry/base_link/base_link'
2026-08-02T23:14:28Z [6,323ms] [Warning] [omni.physx.tensors.plugin] Failed to find rigid body at '/World/envs/env_63/Robot/Geometry/base_link/base_link'
2026-08-02T23:14:28Z [6,323ms] [Warning] [omni.physx.tensors.plugin] Failed to find rigid body at '/World/envs/env_64/Robot/Geometry/base_link/base_link'
2026-08-02T23:14:28Z [6,323ms] [Warning] [omni.physx.tensors.plugin] Failed to find rigid body at '/World/envs/env_65/Robot/Geometry/base_link/base_link'
2026-08-02T23:14:28Z [6,323ms] [Warning] [omni.physx.tensors.plugin] Failed to find rigid body at '/World/envs/env_66/Robot/Geometry/base_link/base_link'
2026-08-02T23:14:28Z [6,323ms] [Warning] [omni.physx.tensors.plugin] Failed to find rigid body at '/World/envs/env_67/Robot/Geometry/base_link/base_link'
2026-08-02T23:14:28Z [6,323ms] [Warning] [omni.physx.tensors.plugin] Failed to find rigid body at '/World/envs/env_68/Robot/Geometry/base_link/base_link'
2026-08-02T23:14:28Z [6,323ms] [Warning] [omni.physx.tensors.plugin] Failed to find rigid body at '/World/envs/env_69/Robot/Geometry/base_link/base_link'
2026-08-02T23:14:28Z [6,323ms] [Warning] [omni.physx.tensors.plugin] Failed to find rigid body at '/World/envs/env_70/Robot/Geometry/base_link/base_link'
2026-08-02T23:14:28Z [6,323ms] [Warning] [omni.physx.tensors.plugin] Failed to find rigid body at '/World/envs/env_71/Robot/Geometry/base_link/base_link'
2026-08-02T23:14:28Z [6,323ms] [Warning] [omni.physx.tensors.plugin] Failed to find rigid body at '/World/envs/env_72/Robot/Geometry/base_link/base_link'
2026-08-02T23:14:28Z [6,324ms] [Warning] [omni.physx.tensors.plugin] Failed to find rigid body at '/World/envs/env_73/Robot/Geometry/base_link/base_link'
2026-08-02T23:14:28Z [6,324ms] [Warning] [omni.physx.tensors.plugin] Failed to find rigid body at '/World/envs/env_74/Robot/Geometry/base_link/base_link'
2026-08-02T23:14:28Z [6,324ms] [Warning] [omni.physx.tensors.plugin] Failed to find rigid body at '/World/envs/env_75/Robot/Geometry/base_link/base_link'
2026-08-02T23:14:28Z [6,324ms] [Warning] [omni.physx.tensors.plugin] Failed to find rigid body at '/World/envs/env_76/Robot/Geometry/base_link/base_link'
2026-08-02T23:14:28Z [6,324ms] [Warning] [omni.physx.tensors.plugin] Failed to find rigid body at '/World/envs/env_77/Robot/Geometry/base_link/base_link'
2026-08-02T23:14:28Z [6,324ms] [Warning] [omni.physx.tensors.plugin] Failed to find rigid body at '/World/envs/env_78/Robot/Geometry/base_link/base_link'
2026-08-02T23:14:28Z [6,324ms] [Warning] [omni.physx.tensors.plugin] Failed to find rigid body at '/World/envs/env_79/Robot/Geometry/base_link/base_link'
2026-08-02T23:14:28Z [6,324ms] [Warning] [omni.physx.tensors.plugin] Failed to find rigid body at '/World/envs/env_80/Robot/Geometry/base_link/base_link'
2026-08-02T23:14:28Z [6,324ms] [Warning] [omni.physx.tensors.plugin] Failed to find rigid body at '/World/envs/env_81/Robot/Geometry/base_link/base_link'
2026-08-02T23:14:28Z [6,324ms] [Warning] [omni.physx.tensors.plugin] Failed to find rigid body at '/World/envs/env_82/Robot/Geometry/base_link/base_link'
2026-08-02T23:14:28Z [6,324ms] [Warning] [omni.physx.tensors.plugin] Failed to find rigid body at '/World/envs/env_83/Robot/Geometry/base_link/base_link'
2026-08-02T23:14:28Z [6,324ms] [Warning] [omni.physx.tensors.plugin] Failed to find rigid body at '/World/envs/env_84/Robot/Geometry/base_link/base_link'
2026-08-02T23:14:28Z [6,324ms] [Warning] [omni.physx.tensors.plugin] Failed to find rigid body at '/World/envs/env_85/Robot/Geometry/base_link/base_link'
2026-08-02T23:14:28Z [6,324ms] [Warning] [omni.physx.tensors.plugin] Failed to find rigid body at '/World/envs/env_86/Robot/Geometry/base_link/base_link'
2026-08-02T23:14:28Z [6,324ms] [Warning] [omni.physx.tensors.plugin] Failed to find rigid body at '/World/envs/env_87/Robot/Geometry/base_link/base_link'
2026-08-02T23:14:28Z [6,324ms] [Warning] [omni.physx.tensors.plugin] Failed to find rigid body at '/World/envs/env_88/Robot/Geometry/base_link/base_link'
2026-08-02T23:14:28Z [6,324ms] [Warning] [omni.physx.tensors.plugin] Failed to find rigid body at '/World/envs/env_89/Robot/Geometry/base_link/base_link'
2026-08-02T23:14:28Z [6,324ms] [Warning] [omni.physx.tensors.plugin] Failed to find rigid body at '/World/envs/env_90/Robot/Geometry/base_link/base_link'
2026-08-02T23:14:28Z [6,324ms] [Warning] [omni.physx.tensors.plugin] Failed to find rigid body at '/World/envs/env_91/Robot/Geometry/base_link/base_link'
2026-08-02T23:14:28Z [6,324ms] [Warning] [omni.physx.tensors.plugin] Failed to find rigid body at '/World/envs/env_92/Robot/Geometry/base_link/base_link'
2026-08-02T23:14:28Z [6,324ms] [Warning] [omni.physx.tensors.plugin] Failed to find rigid body at '/World/envs/env_93/Robot/Geometry/base_link/base_link'
2026-08-02T23:14:28Z [6,324ms] [Warning] [omni.physx.tensors.plugin] Failed to find rigid body at '/World/envs/env_94/Robot/Geometry/base_link/base_link'
2026-08-02T23:14:28Z [6,324ms] [Warning] [omni.physx.tensors.plugin] Failed to find rigid body at '/World/envs/env_95/Robot/Geometry/base_link/base_link'
2026-08-02T23:14:28Z [6,324ms] [Warning] [omni.physx.tensors.plugin] Failed to find rigid body at '/World/envs/env_96/Robot/Geometry/base_link/base_link'
2026-08-02T23:14:28Z [6,324ms] [Warning] [omni.physx.tensors.plugin] Failed to find rigid body at '/World/envs/env_97/Robot/Geometry/base_link/base_link'
2026-08-02T23:14:28Z [6,324ms] [Warning] [omni.physx.tensors.plugin] Failed to find rigid body at '/World/envs/env_98/Robot/Geometry/base_link/base_link'
2026-08-02T23:14:28Z [6,324ms] [Warning] [omni.physx.tensors.plugin] Failed to find rigid body at '/World/envs/env_99/Robot/Geometry/base_link/base_link'
2026-08-02T23:14:28Z [6,324ms] [Warning] [omni.physx.tensors.plugin] Failed to find rigid body at '/World/envs/env_100/Robot/Geometry/base_link/base_link'
2026-08-02T23:14:28Z [6,324ms] [Warning] [omni.physx.tensors.plugin] Failed to find rigid body at '/World/envs/env_101/Robot/Geometry/base_link/base_link'
2026-08-02T23:14:28Z [6,324ms] [Warning] [omni.physx.tensors.plugin] Failed to find rigid body at '/World/envs/env_102/Robot/Geometry/base_link/base_link'
2026-08-02T23:14:28Z [6,324ms] [Warning] [omni.physx.tensors.plugin] Failed to find rigid body at '/World/envs/env_103/Robot/Geometry/base_link/base_link'
2026-08-02T23:14:28Z [6,324ms] [Warning] [omni.physx.tensors.plugin] Failed to find rigid body at '/World/envs/env_104/Robot/Geometry/base_link/base_link'
2026-08-02T23:14:28Z [6,324ms] [Warning] [omni.physx.tensors.plugin] Failed to find rigid body at '/World/envs/env_105/Robot/Geometry/base_link/base_link'
2026-08-02T23:14:28Z [6,324ms] [Warning] [omni.physx.tensors.plugin] Failed to find rigid body at '/World/envs/env_106/Robot/Geometry/base_link/base_link'
2026-08-02T23:14:28Z [6,324ms] [Warning] [omni.physx.tensors.plugin] Failed to find rigid body at '/World/envs/env_107/Robot/Geometry/base_link/base_link'
2026-08-02T23:14:28Z [6,324ms] [Warning] [omni.physx.tensors.plugin] Failed to find rigid body at '/World/envs/env_108/Robot/Geometry/base_link/base_link'
2026-08-02T23:14:28Z [6,324ms] [Warning] [omni.physx.tensors.plugin] Failed to find rigid body at '/World/envs/env_109/Robot/Geometry/base_link/base_link'
2026-08-02T23:14:28Z [6,324ms] [Warning] [omni.physx.tensors.plugin] Failed to find rigid body at '/World/envs/env_110/Robot/Geometry/base_link/base_link'
2026-08-02T23:14:28Z [6,324ms] [Warning] [omni.physx.tensors.plugin] Failed to find rigid body at '/World/envs/env_111/Robot/Geometry/base_link/base_link'
2026-08-02T23:14:28Z [6,324ms] [Warning] [omni.physx.tensors.plugin] Failed to find rigid body at '/World/envs/env_112/Robot/Geometry/base_link/base_link'
2026-08-02T23:14:28Z [6,324ms] [Warning] [omni.physx.tensors.plugin] Failed to find rigid body at '/World/envs/env_113/Robot/Geometry/base_link/base_link'
2026-08-02T23:14:28Z [6,324ms] [Warning] [omni.physx.tensors.plugin] Failed to find rigid body at '/World/envs/env_114/Robot/Geometry/base_link/base_link'
2026-08-02T23:14:28Z [6,324ms] [Warning] [omni.physx.tensors.plugin] Failed to find rigid body at '/World/envs/env_115/Robot/Geometry/base_link/base_link'
2026-08-02T23:14:28Z [6,324ms] [Warning] [omni.physx.tensors.plugin] Failed to find rigid body at '/World/envs/env_116/Robot/Geometry/base_link/base_link'
2026-08-02T23:14:28Z [6,324ms] [Warning] [omni.physx.tensors.plugin] Failed to find rigid body at '/World/envs/env_117/Robot/Geometry/base_link/base_link'
2026-08-02T23:14:28Z [6,324ms] [Warning] [omni.physx.tensors.plugin] Failed to find rigid body at '/World/envs/env_118/Robot/Geometry/base_link/base_link'
2026-08-02T23:14:28Z [6,324ms] [Warning] [omni.physx.tensors.plugin] Failed to find rigid body at '/World/envs/env_119/Robot/Geometry/base_link/base_link'
2026-08-02T23:14:28Z [6,324ms] [Warning] [omni.physx.tensors.plugin] Failed to find rigid body at '/World/envs/env_120/Robot/Geometry/base_link/base_link'
2026-08-02T23:14:28Z [6,324ms] [Warning] [omni.physx.tensors.plugin] Failed to find rigid body at '/World/envs/env_121/Robot/Geometry/base_link/base_link'
2026-08-02T23:14:28Z [6,324ms] [Warning] [omni.physx.tensors.plugin] Failed to find rigid body at '/World/envs/env_122/Robot/Geometry/base_link/base_link'
2026-08-02T23:14:28Z [6,324ms] [Warning] [omni.physx.tensors.plugin] Failed to find rigid body at '/World/envs/env_123/Robot/Geometry/base_link/base_link'
2026-08-02T23:14:28Z [6,324ms] [Warning] [omni.physx.tensors.plugin] Failed to find rigid body at '/World/envs/env_124/Robot/Geometry/base_link/base_link'
2026-08-02T23:14:28Z [6,324ms] [Warning] [omni.physx.tensors.plugin] Failed to find rigid body at '/World/envs/env_125/Robot/Geometry/base_link/base_link'
2026-08-02T23:14:28Z [6,324ms] [Warning] [omni.physx.tensors.plugin] Failed to find rigid body at '/World/envs/env_126/Robot/Geometry/base_link/base_link'
2026-08-02T23:14:28Z [6,324ms] [Warning] [omni.physx.tensors.plugin] Failed to find rigid body at '/World/envs/env_127/Robot/Geometry/base_link/base_link'
2026-08-02T23:14:28Z [6,329ms] [Warning] [omni.physx.tensors.plugin] Failed to find rigid body at '/World/envs/env_0/Robot/Geometry/base_link/link1/link2/link3/link4/link5/link6/gripper_end/gripper_end'
2026-08-02T23:14:28Z [6,329ms] [Warning] [omni.physx.tensors.plugin] Failed to find rigid body at '/World/envs/env_1/Robot/Geometry/base_link/link1/link2/link3/link4/link5/link6/gripper_end/gripper_end'
2026-08-02T23:14:28Z [6,329ms] [Warning] [omni.physx.tensors.plugin] Failed to find rigid body at '/World/envs/env_2/Robot/Geometry/base_link/link1/link2/link3/link4/link5/link6/gripper_end/gripper_end'
2026-08-02T23:14:28Z [6,329ms] [Warning] [omni.physx.tensors.plugin] Failed to find rigid body at '/World/envs/env_3/Robot/Geometry/base_link/link1/link2/link3/link4/link5/link6/gripper_end/gripper_end'
2026-08-02T23:14:28Z [6,329ms] [Warning] [omni.physx.tensors.plugin] Failed to find rigid body at '/World/envs/env_4/Robot/Geometry/base_link/link1/link2/link3/link4/link5/link6/gripper_end/gripper_end'
2026-08-02T23:14:28Z [6,329ms] [Warning] [omni.physx.tensors.plugin] Failed to find rigid body at '/World/envs/env_5/Robot/Geometry/base_link/link1/link2/link3/link4/link5/link6/gripper_end/gripper_end'
2026-08-02T23:14:28Z [6,329ms] [Warning] [omni.physx.tensors.plugin] Failed to find rigid body at '/World/envs/env_6/Robot/Geometry/base_link/link1/link2/link3/link4/link5/link6/gripper_end/gripper_end'
2026-08-02T23:14:28Z [6,329ms] [Warning] [omni.physx.tensors.plugin] Failed to find rigid body at '/World/envs/env_7/Robot/Geometry/base_link/link1/link2/link3/link4/link5/link6/gripper_end/gripper_end'
2026-08-02T23:14:28Z [6,329ms] [Warning] [omni.physx.tensors.plugin] Failed to find rigid body at '/World/envs/env_8/Robot/Geometry/base_link/link1/link2/link3/link4/link5/link6/gripper_end/gripper_end'
2026-08-02T23:14:28Z [6,329ms] [Warning] [omni.physx.tensors.plugin] Failed to find rigid body at '/World/envs/env_9/Robot/Geometry/base_link/link1/link2/link3/link4/link5/link6/gripper_end/gripper_end'
2026-08-02T23:14:28Z [6,329ms] [Warning] [omni.physx.tensors.plugin] Failed to find rigid body at '/World/envs/env_10/Robot/Geometry/base_link/link1/link2/link3/link4/link5/link6/gripper_end/gripper_end'
2026-08-02T23:14:28Z [6,329ms] [Warning] [omni.physx.tensors.plugin] Failed to find rigid body at '/World/envs/env_11/Robot/Geometry/base_link/link1/link2/link3/link4/link5/link6/gripper_end/gripper_end'
2026-08-02T23:14:28Z [6,329ms] [Warning] [omni.physx.tensors.plugin] Failed to find rigid body at '/World/envs/env_12/Robot/Geometry/base_link/link1/link2/link3/link4/link5/link6/gripper_end/gripper_end'
2026-08-02T23:14:28Z [6,329ms] [Warning] [omni.physx.tensors.plugin] Failed to find rigid body at '/World/envs/env_13/Robot/Geometry/base_link/link1/link2/link3/link4/link5/link6/gripper_end/gripper_end'
2026-08-02T23:14:28Z [6,329ms] [Warning] [omni.physx.tensors.plugin] Failed to find rigid body at '/World/envs/env_14/Robot/Geometry/base_link/link1/link2/link3/link4/link5/link6/gripper_end/gripper_end'
2026-08-02T23:14:28Z [6,329ms] [Warning] [omni.physx.tensors.plugin] Failed to find rigid body at '/World/envs/env_15/Robot/Geometry/base_link/link1/link2/link3/link4/link5/link6/gripper_end/gripper_end'
2026-08-02T23:14:28Z [6,329ms] [Warning] [omni.physx.tensors.plugin] Failed to find rigid body at '/World/envs/env_16/Robot/Geometry/base_link/link1/link2/link3/link4/link5/link6/gripper_end/gripper_end'
2026-08-02T23:14:28Z [6,329ms] [Warning] [omni.physx.tensors.plugin] Failed to find rigid body at '/World/envs/env_17/Robot/Geometry/base_link/link1/link2/link3/link4/link5/link6/gripper_end/gripper_end'
2026-08-02T23:14:28Z [6,329ms] [Warning] [omni.physx.tensors.plugin] Failed to find rigid body at '/World/envs/env_18/Robot/Geometry/base_link/link1/link2/link3/link4/link5/link6/gripper_end/gripper_end'
2026-08-02T23:14:28Z [6,329ms] [Warning] [omni.physx.tensors.plugin] Failed to find rigid body at '/World/envs/env_19/Robot/Geometry/base_link/link1/link2/link3/link4/link5/link6/gripper_end/gripper_end'
2026-08-02T23:14:28Z [6,329ms] [Warning] [omni.physx.tensors.plugin] Failed to find rigid body at '/World/envs/env_20/Robot/Geometry/base_link/link1/link2/link3/link4/link5/link6/gripper_end/gripper_end'
2026-08-02T23:14:28Z [6,329ms] [Warning] [omni.physx.tensors.plugin] Failed to find rigid body at '/World/envs/env_21/Robot/Geometry/base_link/link1/link2/link3/link4/link5/link6/gripper_end/gripper_end'
2026-08-02T23:14:28Z [6,329ms] [Warning] [omni.physx.tensors.plugin] Failed to find rigid body at '/World/envs/env_22/Robot/Geometry/base_link/link1/link2/link3/link4/link5/link6/gripper_end/gripper_end'
2026-08-02T23:14:28Z [6,329ms] [Warning] [omni.physx.tensors.plugin] Failed to find rigid body at '/World/envs/env_23/Robot/Geometry/base_link/link1/link2/link3/link4/link5/link6/gripper_end/gripper_end'
2026-08-02T23:14:28Z [6,329ms] [Warning] [omni.physx.tensors.plugin] Failed to find rigid body at '/World/envs/env_24/Robot/Geometry/base_link/link1/link2/link3/link4/link5/link6/gripper_end/gripper_end'
2026-08-02T23:14:28Z [6,329ms] [Warning] [omni.physx.tensors.plugin] Failed to find rigid body at '/World/envs/env_25/Robot/Geometry/base_link/link1/link2/link3/link4/link5/link6/gripper_end/gripper_end'
2026-08-02T23:14:28Z [6,329ms] [Warning] [omni.physx.tensors.plugin] Failed to find rigid body at '/World/envs/env_26/Robot/Geometry/base_link/link1/link2/link3/link4/link5/link6/gripper_end/gripper_end'
2026-08-02T23:14:28Z [6,329ms] [Warning] [omni.physx.tensors.plugin] Failed to find rigid body at '/World/envs/env_27/Robot/Geometry/base_link/link1/link2/link3/link4/link5/link6/gripper_end/gripper_end'
2026-08-02T23:14:28Z [6,329ms] [Warning] [omni.physx.tensors.plugin] Failed to find rigid body at '/World/envs/env_28/Robot/Geometry/base_link/link1/link2/link3/link4/link5/link6/gripper_end/gripper_end'
2026-08-02T23:14:28Z [6,329ms] [Warning] [omni.physx.tensors.plugin] Failed to find rigid body at '/World/envs/env_29/Robot/Geometry/base_link/link1/link2/link3/link4/link5/link6/gripper_end/gripper_end'
2026-08-02T23:14:28Z [6,329ms] [Warning] [omni.physx.tensors.plugin] Failed to find rigid body at '/World/envs/env_30/Robot/Geometry/base_link/link1/link2/link3/link4/link5/link6/gripper_end/gripper_end'
2026-08-02T23:14:28Z [6,329ms] [Warning] [omni.physx.tensors.plugin] Failed to find rigid body at '/World/envs/env_31/Robot/Geometry/base_link/link1/link2/link3/link4/link5/link6/gripper_end/gripper_end'
2026-08-02T23:14:28Z [6,329ms] [Warning] [omni.physx.tensors.plugin] Failed to find rigid body at '/World/envs/env_32/Robot/Geometry/base_link/link1/link2/link3/link4/link5/link6/gripper_end/gripper_end'
2026-08-02T23:14:28Z [6,329ms] [Warning] [omni.physx.tensors.plugin] Failed to find rigid body at '/World/envs/env_33/Robot/Geometry/base_link/link1/link2/link3/link4/link5/link6/gripper_end/gripper_end'
2026-08-02T23:14:28Z [6,329ms] [Warning] [omni.physx.tensors.plugin] Failed to find rigid body at '/World/envs/env_34/Robot/Geometry/base_link/link1/link2/link3/link4/link5/link6/gripper_end/gripper_end'
2026-08-02T23:14:28Z [6,329ms] [Warning] [omni.physx.tensors.plugin] Failed to find rigid body at '/World/envs/env_35/Robot/Geometry/base_link/link1/link2/link3/link4/link5/link6/gripper_end/gripper_end'
2026-08-02T23:14:28Z [6,329ms] [Warning] [omni.physx.tensors.plugin] Failed to find rigid body at '/World/envs/env_36/Robot/Geometry/base_link/link1/link2/link3/link4/link5/link6/gripper_end/gripper_end'
2026-08-02T23:14:28Z [6,329ms] [Warning] [omni.physx.tensors.plugin] Failed to find rigid body at '/World/envs/env_37/Robot/Geometry/base_link/link1/link2/link3/link4/link5/link6/gripper_end/gripper_end'
2026-08-02T23:14:28Z [6,329ms] [Warning] [omni.physx.tensors.plugin] Failed to find rigid body at '/World/envs/env_38/Robot/Geometry/base_link/link1/link2/link3/link4/link5/link6/gripper_end/gripper_end'
2026-08-02T23:14:28Z [6,329ms] [Warning] [omni.physx.tensors.plugin] Failed to find rigid body at '/World/envs/env_39/Robot/Geometry/base_link/link1/link2/link3/link4/link5/link6/gripper_end/gripper_end'
2026-08-02T23:14:28Z [6,329ms] [Warning] [omni.physx.tensors.plugin] Failed to find rigid body at '/World/envs/env_40/Robot/Geometry/base_link/link1/link2/link3/link4/link5/link6/gripper_end/gripper_end'
2026-08-02T23:14:28Z [6,329ms] [Warning] [omni.physx.tensors.plugin] Failed to find rigid body at '/World/envs/env_41/Robot/Geometry/base_link/link1/link2/link3/link4/link5/link6/gripper_end/gripper_end'
2026-08-02T23:14:28Z [6,329ms] [Warning] [omni.physx.tensors.plugin] Failed to find rigid body at '/World/envs/env_42/Robot/Geometry/base_link/link1/link2/link3/link4/link5/link6/gripper_end/gripper_end'
2026-08-02T23:14:28Z [6,329ms] [Warning] [omni.physx.tensors.plugin] Failed to find rigid body at '/World/envs/env_43/Robot/Geometry/base_link/link1/link2/link3/link4/link5/link6/gripper_end/gripper_end'
2026-08-02T23:14:28Z [6,329ms] [Warning] [omni.physx.tensors.plugin] Failed to find rigid body at '/World/envs/env_44/Robot/Geometry/base_link/link1/link2/link3/link4/link5/link6/gripper_end/gripper_end'
2026-08-02T23:14:28Z [6,329ms] [Warning] [omni.physx.tensors.plugin] Failed to find rigid body at '/World/envs/env_45/Robot/Geometry/base_link/link1/link2/link3/link4/link5/link6/gripper_end/gripper_end'
2026-08-02T23:14:28Z [6,329ms] [Warning] [omni.physx.tensors.plugin] Failed to find rigid body at '/World/envs/env_46/Robot/Geometry/base_link/link1/link2/link3/link4/link5/link6/gripper_end/gripper_end'
2026-08-02T23:14:28Z [6,329ms] [Warning] [omni.physx.tensors.plugin] Failed to find rigid body at '/World/envs/env_47/Robot/Geometry/base_link/link1/link2/link3/link4/link5/link6/gripper_end/gripper_end'
2026-08-02T23:14:28Z [6,329ms] [Warning] [omni.physx.tensors.plugin] Failed to find rigid body at '/World/envs/env_48/Robot/Geometry/base_link/link1/link2/link3/link4/link5/link6/gripper_end/gripper_end'
2026-08-02T23:14:28Z [6,329ms] [Warning] [omni.physx.tensors.plugin] Failed to find rigid body at '/World/envs/env_49/Robot/Geometry/base_link/link1/link2/link3/link4/link5/link6/gripper_end/gripper_end'
2026-08-02T23:14:28Z [6,329ms] [Warning] [omni.physx.tensors.plugin] Failed to find rigid body at '/World/envs/env_50/Robot/Geometry/base_link/link1/link2/link3/link4/link5/link6/gripper_end/gripper_end'
2026-08-02T23:14:28Z [6,329ms] [Warning] [omni.physx.tensors.plugin] Failed to find rigid body at '/World/envs/env_51/Robot/Geometry/base_link/link1/link2/link3/link4/link5/link6/gripper_end/gripper_end'
2026-08-02T23:14:28Z [6,329ms] [Warning] [omni.physx.tensors.plugin] Failed to find rigid body at '/World/envs/env_52/Robot/Geometry/base_link/link1/link2/link3/link4/link5/link6/gripper_end/gripper_end'
2026-08-02T23:14:28Z [6,329ms] [Warning] [omni.physx.tensors.plugin] Failed to find rigid body at '/World/envs/env_53/Robot/Geometry/base_link/link1/link2/link3/link4/link5/link6/gripper_end/gripper_end'
2026-08-02T23:14:28Z [6,329ms] [Warning] [omni.physx.tensors.plugin] Failed to find rigid body at '/World/envs/env_54/Robot/Geometry/base_link/link1/link2/link3/link4/link5/link6/gripper_end/gripper_end'
2026-08-02T23:14:28Z [6,329ms] [Warning] [omni.physx.tensors.plugin] Failed to find rigid body at '/World/envs/env_55/Robot/Geometry/base_link/link1/link2/link3/link4/link5/link6/gripper_end/gripper_end'
2026-08-02T23:14:28Z [6,329ms] [Warning] [omni.physx.tensors.plugin] Failed to find rigid body at '/World/envs/env_56/Robot/Geometry/base_link/link1/link2/link3/link4/link5/link6/gripper_end/gripper_end'
2026-08-02T23:14:28Z [6,329ms] [Warning] [omni.physx.tensors.plugin] Failed to find rigid body at '/World/envs/env_57/Robot/Geometry/base_link/link1/link2/link3/link4/link5/link6/gripper_end/gripper_end'
2026-08-02T23:14:28Z [6,329ms] [Warning] [omni.physx.tensors.plugin] Failed to find rigid body at '/World/envs/env_58/Robot/Geometry/base_link/link1/link2/link3/link4/link5/link6/gripper_end/gripper_end'
2026-08-02T23:14:28Z [6,329ms] [Warning] [omni.physx.tensors.plugin] Failed to find rigid body at '/World/envs/env_59/Robot/Geometry/base_link/link1/link2/link3/link4/link5/link6/gripper_end/gripper_end'
2026-08-02T23:14:28Z [6,329ms] [Warning] [omni.physx.tensors.plugin] Failed to find rigid body at '/World/envs/env_60/Robot/Geometry/base_link/link1/link2/link3/link4/link5/link6/gripper_end/gripper_end'
2026-08-02T23:14:28Z [6,329ms] [Warning] [omni.physx.tensors.plugin] Failed to find rigid body at '/World/envs/env_61/Robot/Geometry/base_link/link1/link2/link3/link4/link5/link6/gripper_end/gripper_end'
2026-08-02T23:14:28Z [6,329ms] [Warning] [omni.physx.tensors.plugin] Failed to find rigid body at '/World/envs/env_62/Robot/Geometry/base_link/link1/link2/link3/link4/link5/link6/gripper_end/gripper_end'
2026-08-02T23:14:28Z [6,329ms] [Warning] [omni.physx.tensors.plugin] Failed to find rigid body at '/World/envs/env_63/Robot/Geometry/base_link/link1/link2/link3/link4/link5/link6/gripper_end/gripper_end'
2026-08-02T23:14:28Z [6,329ms] [Warning] [omni.physx.tensors.plugin] Failed to find rigid body at '/World/envs/env_64/Robot/Geometry/base_link/link1/link2/link3/link4/link5/link6/gripper_end/gripper_end'
2026-08-02T23:14:28Z [6,329ms] [Warning] [omni.physx.tensors.plugin] Failed to find rigid body at '/World/envs/env_65/Robot/Geometry/base_link/link1/link2/link3/link4/link5/link6/gripper_end/gripper_end'
2026-08-02T23:14:28Z [6,329ms] [Warning] [omni.physx.tensors.plugin] Failed to find rigid body at '/World/envs/env_66/Robot/Geometry/base_link/link1/link2/link3/link4/link5/link6/gripper_end/gripper_end'
2026-08-02T23:14:28Z [6,329ms] [Warning] [omni.physx.tensors.plugin] Failed to find rigid body at '/World/envs/env_67/Robot/Geometry/base_link/link1/link2/link3/link4/link5/link6/gripper_end/gripper_end'
2026-08-02T23:14:28Z [6,329ms] [Warning] [omni.physx.tensors.plugin] Failed to find rigid body at '/World/envs/env_68/Robot/Geometry/base_link/link1/link2/link3/link4/link5/link6/gripper_end/gripper_end'
2026-08-02T23:14:28Z [6,329ms] [Warning] [omni.physx.tensors.plugin] Failed to find rigid body at '/World/envs/env_69/Robot/Geometry/base_link/link1/link2/link3/link4/link5/link6/gripper_end/gripper_end'
2026-08-02T23:14:28Z [6,329ms] [Warning] [omni.physx.tensors.plugin] Failed to find rigid body at '/World/envs/env_70/Robot/Geometry/base_link/link1/link2/link3/link4/link5/link6/gripper_end/gripper_end'
2026-08-02T23:14:28Z [6,329ms] [Warning] [omni.physx.tensors.plugin] Failed to find rigid body at '/World/envs/env_71/Robot/Geometry/base_link/link1/link2/link3/link4/link5/link6/gripper_end/gripper_end'
2026-08-02T23:14:28Z [6,329ms] [Warning] [omni.physx.tensors.plugin] Failed to find rigid body at '/World/envs/env_72/Robot/Geometry/base_link/link1/link2/link3/link4/link5/link6/gripper_end/gripper_end'
2026-08-02T23:14:28Z [6,329ms] [Warning] [omni.physx.tensors.plugin] Failed to find rigid body at '/World/envs/env_73/Robot/Geometry/base_link/link1/link2/link3/link4/link5/link6/gripper_end/gripper_end'
2026-08-02T23:14:28Z [6,329ms] [Warning] [omni.physx.tensors.plugin] Failed to find rigid body at '/World/envs/env_74/Robot/Geometry/base_link/link1/link2/link3/link4/link5/link6/gripper_end/gripper_end'
2026-08-02T23:14:28Z [6,329ms] [Warning] [omni.physx.tensors.plugin] Failed to find rigid body at '/World/envs/env_75/Robot/Geometry/base_link/link1/link2/link3/link4/link5/link6/gripper_end/gripper_end'
2026-08-02T23:14:28Z [6,329ms] [Warning] [omni.physx.tensors.plugin] Failed to find rigid body at '/World/envs/env_76/Robot/Geometry/base_link/link1/link2/link3/link4/link5/link6/gripper_end/gripper_end'
2026-08-02T23:14:28Z [6,330ms] [Warning] [omni.physx.tensors.plugin] Failed to find rigid body at '/World/envs/env_77/Robot/Geometry/base_link/link1/link2/link3/link4/link5/link6/gripper_end/gripper_end'
2026-08-02T23:14:28Z [6,330ms] [Warning] [omni.physx.tensors.plugin] Failed to find rigid body at '/World/envs/env_78/Robot/Geometry/base_link/link1/link2/link3/link4/link5/link6/gripper_end/gripper_end'
2026-08-02T23:14:28Z [6,330ms] [Warning] [omni.physx.tensors.plugin] Failed to find rigid body at '/World/envs/env_79/Robot/Geometry/base_link/link1/link2/link3/link4/link5/link6/gripper_end/gripper_end'
2026-08-02T23:14:28Z [6,330ms] [Warning] [omni.physx.tensors.plugin] Failed to find rigid body at '/World/envs/env_80/Robot/Geometry/base_link/link1/link2/link3/link4/link5/link6/gripper_end/gripper_end'
2026-08-02T23:14:28Z [6,330ms] [Warning] [omni.physx.tensors.plugin] Failed to find rigid body at '/World/envs/env_81/Robot/Geometry/base_link/link1/link2/link3/link4/link5/link6/gripper_end/gripper_end'
2026-08-02T23:14:28Z [6,330ms] [Warning] [omni.physx.tensors.plugin] Failed to find rigid body at '/World/envs/env_82/Robot/Geometry/base_link/link1/link2/link3/link4/link5/link6/gripper_end/gripper_end'
2026-08-02T23:14:28Z [6,330ms] [Warning] [omni.physx.tensors.plugin] Failed to find rigid body at '/World/envs/env_83/Robot/Geometry/base_link/link1/link2/link3/link4/link5/link6/gripper_end/gripper_end'
2026-08-02T23:14:28Z [6,330ms] [Warning] [omni.physx.tensors.plugin] Failed to find rigid body at '/World/envs/env_84/Robot/Geometry/base_link/link1/link2/link3/link4/link5/link6/gripper_end/gripper_end'
2026-08-02T23:14:28Z [6,330ms] [Warning] [omni.physx.tensors.plugin] Failed to find rigid body at '/World/envs/env_85/Robot/Geometry/base_link/link1/link2/link3/link4/link5/link6/gripper_end/gripper_end'
2026-08-02T23:14:28Z [6,330ms] [Warning] [omni.physx.tensors.plugin] Failed to find rigid body at '/World/envs/env_86/Robot/Geometry/base_link/link1/link2/link3/link4/link5/link6/gripper_end/gripper_end'
2026-08-02T23:14:28Z [6,330ms] [Warning] [omni.physx.tensors.plugin] Failed to find rigid body at '/World/envs/env_87/Robot/Geometry/base_link/link1/link2/link3/link4/link5/link6/gripper_end/gripper_end'
2026-08-02T23:14:28Z [6,330ms] [Warning] [omni.physx.tensors.plugin] Failed to find rigid body at '/World/envs/env_88/Robot/Geometry/base_link/link1/link2/link3/link4/link5/link6/gripper_end/gripper_end'
2026-08-02T23:14:28Z [6,330ms] [Warning] [omni.physx.tensors.plugin] Failed to find rigid body at '/World/envs/env_89/Robot/Geometry/base_link/link1/link2/link3/link4/link5/link6/gripper_end/gripper_end'
2026-08-02T23:14:28Z [6,330ms] [Warning] [omni.physx.tensors.plugin] Failed to find rigid body at '/World/envs/env_90/Robot/Geometry/base_link/link1/link2/link3/link4/link5/link6/gripper_end/gripper_end'
2026-08-02T23:14:28Z [6,330ms] [Warning] [omni.physx.tensors.plugin] Failed to find rigid body at '/World/envs/env_91/Robot/Geometry/base_link/link1/link2/link3/link4/link5/link6/gripper_end/gripper_end'
2026-08-02T23:14:28Z [6,330ms] [Warning] [omni.physx.tensors.plugin] Failed to find rigid body at '/World/envs/env_92/Robot/Geometry/base_link/link1/link2/link3/link4/link5/link6/gripper_end/gripper_end'
2026-08-02T23:14:28Z [6,330ms] [Warning] [omni.physx.tensors.plugin] Failed to find rigid body at '/World/envs/env_93/Robot/Geometry/base_link/link1/link2/link3/link4/link5/link6/gripper_end/gripper_end'
2026-08-02T23:14:28Z [6,330ms] [Warning] [omni.physx.tensors.plugin] Failed to find rigid body at '/World/envs/env_94/Robot/Geometry/base_link/link1/link2/link3/link4/link5/link6/gripper_end/gripper_end'
2026-08-02T23:14:28Z [6,330ms] [Warning] [omni.physx.tensors.plugin] Failed to find rigid body at '/World/envs/env_95/Robot/Geometry/base_link/link1/link2/link3/link4/link5/link6/gripper_end/gripper_end'
2026-08-02T23:14:28Z [6,330ms] [Warning] [omni.physx.tensors.plugin] Failed to find rigid body at '/World/envs/env_96/Robot/Geometry/base_link/link1/link2/link3/link4/link5/link6/gripper_end/gripper_end'
2026-08-02T23:14:28Z [6,330ms] [Warning] [omni.physx.tensors.plugin] Failed to find rigid body at '/World/envs/env_97/Robot/Geometry/base_link/link1/link2/link3/link4/link5/link6/gripper_end/gripper_end'
2026-08-02T23:14:28Z [6,330ms] [Warning] [omni.physx.tensors.plugin] Failed to find rigid body at '/World/envs/env_98/Robot/Geometry/base_link/link1/link2/link3/link4/link5/link6/gripper_end/gripper_end'
2026-08-02T23:14:28Z [6,330ms] [Warning] [omni.physx.tensors.plugin] Failed to find rigid body at '/World/envs/env_99/Robot/Geometry/base_link/link1/link2/link3/link4/link5/link6/gripper_end/gripper_end'
2026-08-02T23:14:28Z [6,330ms] [Warning] [omni.physx.tensors.plugin] Failed to find rigid body at '/World/envs/env_100/Robot/Geometry/base_link/link1/link2/link3/link4/link5/link6/gripper_end/gripper_end'
2026-08-02T23:14:28Z [6,330ms] [Warning] [omni.physx.tensors.plugin] Failed to find rigid body at '/World/envs/env_101/Robot/Geometry/base_link/link1/link2/link3/link4/link5/link6/gripper_end/gripper_end'
2026-08-02T23:14:28Z [6,330ms] [Warning] [omni.physx.tensors.plugin] Failed to find rigid body at '/World/envs/env_102/Robot/Geometry/base_link/link1/link2/link3/link4/link5/link6/gripper_end/gripper_end'
2026-08-02T23:14:28Z [6,330ms] [Warning] [omni.physx.tensors.plugin] Failed to find rigid body at '/World/envs/env_103/Robot/Geometry/base_link/link1/link2/link3/link4/link5/link6/gripper_end/gripper_end'
2026-08-02T23:14:28Z [6,330ms] [Warning] [omni.physx.tensors.plugin] Failed to find rigid body at '/World/envs/env_104/Robot/Geometry/base_link/link1/link2/link3/link4/link5/link6/gripper_end/gripper_end'
2026-08-02T23:14:28Z [6,330ms] [Warning] [omni.physx.tensors.plugin] Failed to find rigid body at '/World/envs/env_105/Robot/Geometry/base_link/link1/link2/link3/link4/link5/link6/gripper_end/gripper_end'
2026-08-02T23:14:28Z [6,330ms] [Warning] [omni.physx.tensors.plugin] Failed to find rigid body at '/World/envs/env_106/Robot/Geometry/base_link/link1/link2/link3/link4/link5/link6/gripper_end/gripper_end'
2026-08-02T23:14:28Z [6,330ms] [Warning] [omni.physx.tensors.plugin] Failed to find rigid body at '/World/envs/env_107/Robot/Geometry/base_link/link1/link2/link3/link4/link5/link6/gripper_end/gripper_end'
2026-08-02T23:14:28Z [6,330ms] [Warning] [omni.physx.tensors.plugin] Failed to find rigid body at '/World/envs/env_108/Robot/Geometry/base_link/link1/link2/link3/link4/link5/link6/gripper_end/gripper_end'
2026-08-02T23:14:28Z [6,330ms] [Warning] [omni.physx.tensors.plugin] Failed to find rigid body at '/World/envs/env_109/Robot/Geometry/base_link/link1/link2/link3/link4/link5/link6/gripper_end/gripper_end'
2026-08-02T23:14:28Z [6,330ms] [Warning] [omni.physx.tensors.plugin] Failed to find rigid body at '/World/envs/env_110/Robot/Geometry/base_link/link1/link2/link3/link4/link5/link6/gripper_end/gripper_end'
2026-08-02T23:14:28Z [6,330ms] [Warning] [omni.physx.tensors.plugin] Failed to find rigid body at '/World/envs/env_111/Robot/Geometry/base_link/link1/link2/link3/link4/link5/link6/gripper_end/gripper_end'
2026-08-02T23:14:28Z [6,330ms] [Warning] [omni.physx.tensors.plugin] Failed to find rigid body at '/World/envs/env_112/Robot/Geometry/base_link/link1/link2/link3/link4/link5/link6/gripper_end/gripper_end'
2026-08-02T23:14:28Z [6,330ms] [Warning] [omni.physx.tensors.plugin] Failed to find rigid body at '/World/envs/env_113/Robot/Geometry/base_link/link1/link2/link3/link4/link5/link6/gripper_end/gripper_end'
[INFO]: Time taken for simulation start Last: 1.502687 s, Mean: 1.502687 s, Std: 0.000000 s, N: 1
[INFO] Command Manager:  <CommandManager> contains 0 active terms.
+------------------------+
|  Active Command Terms  |
+--------+-------+-------+
| Index  | Name  |  Type |
+--------+-------+-------+
+--------+-------+-------+

[INFO] Event Manager:  <EventManager> contains 1 active terms.
+-----------------------------------+
| Active Event Terms in Mode: 'reset' |
+-----------+-----------------------+
|   Index   | Name                  |
+-----------+-----------------------+
|     0     | reset_all             |
|     1     | reset_target          |
|     2     | reset_d0              |
|     3     | reset_d1              |
|     4     | reset_d2              |
|     5     | reset_d3              |
|     6     | record_spawn          |
+-----------+-----------------------+

[INFO] Recorder Manager:  <RecorderManager> contains 0 active terms.
+---------------------+
| Active Recorder Terms |
+-----------+---------+
|   Index   | Name    |
+-----------+---------+
+-----------+---------+

[INFO]: Resolved joint names for the action term JointPositionAction: ['joint1', 'joint2', 'joint3', 'joint4', 'joint5', 'joint6'] [[0, 1, 2, 3, 4, 5]]
[INFO]: Resolved joint names for the action term BinaryJointPositionAction: ['joint_left', 'joint_right'] [[6, 7]]
/home/eva/Desktop/isaacLab/eva_bc/clutter/probes/p09_push_topple.py:115: DeprecationWarning: The function 'write_root_state_to_sim' will be deprecated in a future release. Please use 'write_root_link_pose_to_sim_index' and 'write_root_com_velocity_to_sim_index' instead.
  e.scene[name].write_root_state_to_sim(
[INFO] Action Manager:  <ActionManager> contains 2 active terms.
+------------------------------------+
|   Active Action Terms (shape: 7)   |
+-------+----------------+-----------+
| Index | Name           | Dimension |
+-------+----------------+-----------+
|   0   | arm_action     |         6 |
|   1   | gripper_action |         1 |
+-------+----------------+-----------+

[INFO] Observation Manager: <ObservationManager> contains 1 groups.
+------------------------------------------------------+
| Active Observation Terms in Group: 'policy' (shape: (42,)) |
+-------------+--------------------------+-------------+
|    Index    | Name                     |    Shape    |
+-------------+--------------------------+-------------+
|      0      | joint_pos                |     (8,)    |
|      1      | joint_vel                |     (8,)    |
|      2      | target_pose              |     (7,)    |
|      3      | clutter                  |    (12,)    |
|      4      | actions                  |     (7,)    |
+-------------+--------------------------+-------------+

[INFO] Termination Manager:  <TerminationManager> contains 3 active terms.
+---------------------------------------+
|        Active Termination Terms       |
+-------+--------------------+----------+
| Index | Name               | Time Out |
+-------+--------------------+----------+
|   0   | time_out           |   True   |
|   1   | target_dropped     |  False   |
|   2   | distractor_toppled |  False   |
+-------+--------------------+----------+

[INFO] Reward Manager:  <RewardManager> contains 9 active terms.
+---------------------------------+
|       Active Reward Terms       |
+-------+----------------+--------+
| Index | Name           | Weight |
+-------+----------------+--------+
|   0   | reaching       |    2.0 |
|   1   | lifting        |    8.0 |
|   2   | extracted      |   15.0 |
|   3   | carrying       |   12.0 |
|   4   | success        |   60.0 |
|   5   | disturbance    |   -3.0 |
|   6   | topple_penalty |  -40.0 |
|   7   | action_rate    |  -0.02 |
|   8   | joint_vel      | -0.005 |
+-------+----------------+--------+

[INFO] Curriculum Manager:  <CurriculumManager> contains 0 active terms.
+----------------------+
| Active Curriculum Terms |
+-----------+----------+
|   Index   | Name     |
+-----------+----------+
+-----------+----------+

[INFO]: Completed setting up the environment...

====================================================================================================
P09 -- PUSH A DISTRACTOR ALONG +x: SLIDE OR TOPPLE?
====================================================================================================
   pushing distractor_1 at y = -42 mm, stroke 105 mm in 40 steps  ->  ~131 mm/s
   contact height swept 44..90 mm over 128 envs
   quasi-static tip threshold h_crit(x) = 18.9 mm at mu = 0.95
   -> every reachable contact height is ABOVE it; only dynamics can save the push

   start pose: CEM err 0.73 mm, o_align 0.942, a_hat (-0.94,-0.34,+0.07)
   end   pose: CEM err 0.79 mm, o_align 0.697
   per-env refine err: start median 0.00 mm, end median 0.00 mm

----------------------------------------------------------------------------------------------------
    contact z |    d1 dx  d1 up_z |   tgt dx    d0 dx | min up_z | topple | >=65mm & upright
   --------------------------------------------------------------------------------------------
        44.0 |   -7.07    1.000 |    4.39   -6.37 |    1.000 |      - |                .
        45.8 |   -5.10    1.000 |    0.39    7.56 |    1.000 |      - |                .
        47.6 |    0.50    0.979 |   -2.47   -7.25 |    0.976 |      - |                .
        49.4 |   -0.98    0.863 |  -10.98  -15.62 |    0.750 |      - |                .
        51.2 |    1.07    1.000 |    4.33   -8.61 |    1.000 |      - |                .
        53.1 |   -6.71    0.986 |  -10.24    4.32 |    0.958 |      - |                .
        54.9 |   -1.79    1.000 |   -1.69  -20.69 |    1.000 |      - |                .
        56.7 |   -2.18    0.988 |   -4.50   -2.80 |    0.970 |      - |                .
        58.5 |    0.93    1.000 |    5.32    1.56 |    1.000 |      - |                .
        60.3 |   -9.24    1.000 |   -9.91    6.13 |    1.000 |      - |                .
        62.1 |   -2.57    1.000 |    2.15    8.41 |    1.000 |      - |                .
        63.9 |   -8.47    1.000 |    8.20   -7.30 |    1.000 |      - |                .
        65.7 |   -4.25    1.000 |   -9.85   -2.13 |    1.000 |      - |                .
        67.5 |   -5.67    1.000 |    3.44   -8.16 |    1.000 |      - |                .
        69.4 |   -8.93    0.951 |   -7.89    3.54 |    0.951 |      - |                .
        71.2 |    3.74    0.973 |   -8.37    2.99 |    0.959 |      - |                .
        73.0 |    2.29    1.000 |   11.56    1.08 |    1.000 |      - |                .
        74.8 |   -3.70    1.000 |   10.26    5.86 |    1.000 |      - |                .
        76.6 |    6.10    1.000 |    8.00   -7.03 |    1.000 |      - |                .
        78.4 |   -6.63    1.000 |    4.93    8.92 |    1.000 |      - |                .
        80.2 |   -5.91    1.000 |    9.90    6.24 |    1.000 |      - |                .
        82.0 |   -1.73    1.000 |    0.55   -5.51 |    1.000 |      - |                .
        83.8 |    9.62    1.000 |   -0.39   -3.45 |    1.000 |      - |                .
        85.7 |   -0.25    0.953 |   -6.63   -9.08 |    0.953 |      - |                .
        87.5 |   -1.50    0.988 |   10.06  -11.72 |    0.959 |      - |                .
        89.3 |   -9.18    1.000 |   -0.97    8.12 |    1.000 |      - |                .

====================================================================================================
VERDICT
====================================================================================================
   max d1 displacement : 9.7 mm (needed >= 65 mm, P08)
   topple rate         : 0%
   target dragged along: median -1.69 mm, max 11.70 mm
   envs achieving >=65 mm with NOTHING toppled: 0/128
   -> No contact height at this speed both moves d1 far enough and leaves the
      row standing. Re-run with a shorter --push_steps before concluding: this
      is a dynamics question and one speed is not a sweep.

[p09] wrote /home/eva/Desktop/isaacLab/eva_bc/clutter/runs/p09_s40.json
[INFO]: SimulationContext cleared
2026-08-02T23:14:28Z [6,330ms] [Warning] [omni.physx.tensors.plugin] Failed to find rigid body at '/World/envs/env_114/Robot/Geometry/base_link/link1/link2/link3/link4/link5/link6/gripper_end/gripper_end'
2026-08-02T23:14:28Z [6,330ms] [Warning] [omni.physx.tensors.plugin] Failed to find rigid body at '/World/envs/env_115/Robot/Geometry/base_link/link1/link2/link3/link4/link5/link6/gripper_end/gripper_end'
2026-08-02T23:14:28Z [6,330ms] [Warning] [omni.physx.tensors.plugin] Failed to find rigid body at '/World/envs/env_116/Robot/Geometry/base_link/link1/link2/link3/link4/link5/link6/gripper_end/gripper_end'
2026-08-02T23:14:28Z [6,330ms] [Warning] [omni.physx.tensors.plugin] Failed to find rigid body at '/World/envs/env_117/Robot/Geometry/base_link/link1/link2/link3/link4/link5/link6/gripper_end/gripper_end'
2026-08-02T23:14:28Z [6,330ms] [Warning] [omni.physx.tensors.plugin] Failed to find rigid body at '/World/envs/env_118/Robot/Geometry/base_link/link1/link2/link3/link4/link5/link6/gripper_end/gripper_end'
2026-08-02T23:14:28Z [6,330ms] [Warning] [omni.physx.tensors.plugin] Failed to find rigid body at '/World/envs/env_119/Robot/Geometry/base_link/link1/link2/link3/link4/link5/link6/gripper_end/gripper_end'
2026-08-02T23:14:28Z [6,330ms] [Warning] [omni.physx.tensors.plugin] Failed to find rigid body at '/World/envs/env_120/Robot/Geometry/base_link/link1/link2/link3/link4/link5/link6/gripper_end/gripper_end'
2026-08-02T23:14:28Z [6,330ms] [Warning] [omni.physx.tensors.plugin] Failed to find rigid body at '/World/envs/env_121/Robot/Geometry/base_link/link1/link2/link3/link4/link5/link6/gripper_end/gripper_end'
2026-08-02T23:14:28Z [6,330ms] [Warning] [omni.physx.tensors.plugin] Failed to find rigid body at '/World/envs/env_122/Robot/Geometry/base_link/link1/link2/link3/link4/link5/link6/gripper_end/gripper_end'
2026-08-02T23:14:28Z [6,330ms] [Warning] [omni.physx.tensors.plugin] Failed to find rigid body at '/World/envs/env_123/Robot/Geometry/base_link/link1/link2/link3/link4/link5/link6/gripper_end/gripper_end'
2026-08-02T23:14:28Z [6,330ms] [Warning] [omni.physx.tensors.plugin] Failed to find rigid body at '/World/envs/env_124/Robot/Geometry/base_link/link1/link2/link3/link4/link5/link6/gripper_end/gripper_end'
2026-08-02T23:14:28Z [6,330ms] [Warning] [omni.physx.tensors.plugin] Failed to find rigid body at '/World/envs/env_125/Robot/Geometry/base_link/link1/link2/link3/link4/link5/link6/gripper_end/gripper_end'
2026-08-02T23:14:28Z [6,330ms] [Warning] [omni.physx.tensors.plugin] Failed to find rigid body at '/World/envs/env_126/Robot/Geometry/base_link/link1/link2/link3/link4/link5/link6/gripper_end/gripper_end'
2026-08-02T23:14:28Z [6,330ms] [Warning] [omni.physx.tensors.plugin] Failed to find rigid body at '/World/envs/env_127/Robot/Geometry/base_link/link1/link2/link3/link4/link5/link6/gripper_end/gripper_end'
