WARNING: All log messages before absl::InitializeLog() is called are written to STDERR
E0000 00:00:1785728210.889411    6932 descriptor_database.cc:633] File already exists in database: grpc/health/v1/health.proto
W0000 00:00:1785728210.889451    6932 message.cc:301] Protobuf GeneratedMessageFactory: File is already registered: grpc/health/v1/health.proto
[ISAACLAB] AppLauncher initialization complete
[INFO]: Parsing configuration from: reBot_RL.tasks.manager_based.challenge.clutter_env_cfg:RebotClutterExtractEnvCfg_PLAY
[INFO]: Base environment:
	Environment device    : cuda:0
	Environment seed      : None
	Physics step-size     : 0.0025
	Rendering step-size   : 0.02
	Environment step-size : 0.02
[INFO]: Registered backend 'physx' for factory Articulation.
[INFO]: Registered backend 'physx' for factory RigidObject.
[INFO]: Registered backend 'physx' for factory FrameView.
[INFO]: Registered backend 'physx' for factory FrameTransformer.
[INFO]: Physics scene prim path: /physicsScene
Loading user config located at: '/home/eva/miniconda3/envs/env_isaaclab6/lib/python3.12/site-packages/isaacsim/kit/data/Kit/IsaacLab/3.0/user.config.json'
2026-08-03T03:36:50Z [0ms] [Warning] [omni.ext.plugin] [ext: isaaclab_visualizers] Extensions config 'extension.toml' doesn't exist '/home/eva/Desktop/isaacLab/IsaacLab/source/isaaclab_visualizers' or '/home/eva/Desktop/isaacLab/IsaacLab/source/isaaclab_visualizers/config'
2026-08-03T03:36:51Z [386ms] [Warning] [omni.usd_config.extension] Enable omni.materialx.libs extension to use MaterialX
2026-08-03T03:36:51Z [426ms] [Warning] [omni.platforminfo.plugin] failed to open the default display.  Can't verify X Server version.
2026-08-03T03:36:54Z [3,811ms] [Warning] [isaaclab.envs.manager_based_env] Seed not set for the environment. The environment creation may not be deterministic.
2026-08-03T03:36:54Z [3,846ms] [Warning] [isaaclab_physx.physics.physx_manager] TGS solver with enable_external_forces_every_iteration=False may cause noisy velocities.
2026-08-03T03:36:56Z [5,300ms] [Warning] [omni.physx.plugin] Cloning joints /World/envs/env_1/Robot/Physics/root_joint without a body rel may cause issues, since the localPose wont be updated.
2026-08-03T03:36:56Z [5,301ms] [Warning] [omni.physx.plugin] Cloning joints /World/envs/env_2/Robot/Physics/root_joint without a body rel may cause issues, since the localPose wont be updated.
2026-08-03T03:36:56Z [5,301ms] [Warning] [omni.physx.plugin] Cloning joints /World/envs/env_3/Robot/Physics/root_joint without a body rel may cause issues, since the localPose wont be updated.
2026-08-03T03:36:56Z [5,301ms] [Warning] [omni.physx.plugin] Cloning joints /World/envs/env_4/Robot/Physics/root_joint without a body rel may cause issues, since the localPose wont be updated.
2026-08-03T03:36:56Z [5,302ms] [Warning] [omni.physx.plugin] Cloning joints /World/envs/env_5/Robot/Physics/root_joint without a body rel may cause issues, since the localPose wont be updated.
2026-08-03T03:36:56Z [5,302ms] [Warning] [omni.physx.plugin] Cloning joints /World/envs/env_6/Robot/Physics/root_joint without a body rel may cause issues, since the localPose wont be updated.
2026-08-03T03:36:56Z [5,302ms] [Warning] [omni.physx.plugin] Cloning joints /World/envs/env_7/Robot/Physics/root_joint without a body rel may cause issues, since the localPose wont be updated.
2026-08-03T03:36:56Z [5,302ms] [Warning] [omni.physx.plugin] Cloning joints /World/envs/env_8/Robot/Physics/root_joint without a body rel may cause issues, since the localPose wont be updated.
2026-08-03T03:36:56Z [5,303ms] [Warning] [omni.physx.plugin] Cloning joints /World/envs/env_9/Robot/Physics/root_joint without a body rel may cause issues, since the localPose wont be updated.
2026-08-03T03:36:56Z [5,303ms] [Warning] [omni.physx.plugin] Cloning joints /World/envs/env_10/Robot/Physics/root_joint without a body rel may cause issues, since the localPose wont be updated.
2026-08-03T03:36:56Z [5,303ms] [Warning] [omni.physx.plugin] Cloning joints /World/envs/env_11/Robot/Physics/root_joint without a body rel may cause issues, since the localPose wont be updated.
2026-08-03T03:36:56Z [5,303ms] [Warning] [omni.physx.plugin] Cloning joints /World/envs/env_12/Robot/Physics/root_joint without a body rel may cause issues, since the localPose wont be updated.
2026-08-03T03:36:56Z [5,304ms] [Warning] [omni.physx.plugin] Cloning joints /World/envs/env_13/Robot/Physics/root_joint without a body rel may cause issues, since the localPose wont be updated.
2026-08-03T03:36:56Z [5,304ms] [Warning] [omni.physx.plugin] Cloning joints /World/envs/env_14/Robot/Physics/root_joint without a body rel may cause issues, since the localPose wont be updated.
2026-08-03T03:36:56Z [5,304ms] [Warning] [omni.physx.plugin] Cloning joints /World/envs/env_15/Robot/Physics/root_joint without a body rel may cause issues, since the localPose wont be updated.
2026-08-03T03:36:56Z [5,304ms] [Warning] [omni.physx.plugin] Cloning joints /World/envs/env_16/Robot/Physics/root_joint without a body rel may cause issues, since the localPose wont be updated.
2026-08-03T03:36:56Z [5,305ms] [Warning] [omni.physx.plugin] Cloning joints /World/envs/env_17/Robot/Physics/root_joint without a body rel may cause issues, since the localPose wont be updated.
2026-08-03T03:36:56Z [5,305ms] [Warning] [omni.physx.plugin] Cloning joints /World/envs/env_18/Robot/Physics/root_joint without a body rel may cause issues, since the localPose wont be updated.
2026-08-03T03:36:56Z [5,305ms] [Warning] [omni.physx.plugin] Cloning joints /World/envs/env_19/Robot/Physics/root_joint without a body rel may cause issues, since the localPose wont be updated.
2026-08-03T03:36:56Z [5,305ms] [Warning] [omni.physx.plugin] Cloning joints /World/envs/env_20/Robot/Physics/root_joint without a body rel may cause issues, since the localPose wont be updated.
2026-08-03T03:36:56Z [5,306ms] [Warning] [omni.physx.plugin] Cloning joints /World/envs/env_21/Robot/Physics/root_joint without a body rel may cause issues, since the localPose wont be updated.
2026-08-03T03:36:56Z [5,306ms] [Warning] [omni.physx.plugin] Cloning joints /World/envs/env_22/Robot/Physics/root_joint without a body rel may cause issues, since the localPose wont be updated.
2026-08-03T03:36:56Z [5,306ms] [Warning] [omni.physx.plugin] Cloning joints /World/envs/env_23/Robot/Physics/root_joint without a body rel may cause issues, since the localPose wont be updated.
2026-08-03T03:36:56Z [5,306ms] [Warning] [omni.physx.plugin] Cloning joints /World/envs/env_24/Robot/Physics/root_joint without a body rel may cause issues, since the localPose wont be updated.
2026-08-03T03:36:56Z [5,307ms] [Warning] [omni.physx.plugin] Cloning joints /World/envs/env_25/Robot/Physics/root_joint without a body rel may cause issues, since the localPose wont be updated.
2026-08-03T03:36:56Z [5,307ms] [Warning] [omni.physx.plugin] Cloning joints /World/envs/env_26/Robot/Physics/root_joint without a body rel may cause issues, since the localPose wont be updated.
2026-08-03T03:36:56Z [5,307ms] [Warning] [omni.physx.plugin] Cloning joints /World/envs/env_27/Robot/Physics/root_joint without a body rel may cause issues, since the localPose wont be updated.
2026-08-03T03:36:56Z [5,307ms] [Warning] [omni.physx.plugin] Cloning joints /World/envs/env_28/Robot/Physics/root_joint without a body rel may cause issues, since the localPose wont be updated.
2026-08-03T03:36:56Z [5,307ms] [Warning] [omni.physx.plugin] Cloning joints /World/envs/env_29/Robot/Physics/root_joint without a body rel may cause issues, since the localPose wont be updated.
2026-08-03T03:36:56Z [5,308ms] [Warning] [omni.physx.plugin] Cloning joints /World/envs/env_30/Robot/Physics/root_joint without a body rel may cause issues, since the localPose wont be updated.
2026-08-03T03:36:56Z [5,308ms] [Warning] [omni.physx.plugin] Cloning joints /World/envs/env_31/Robot/Physics/root_joint without a body rel may cause issues, since the localPose wont be updated.
2026-08-03T03:36:56Z [5,308ms] [Warning] [omni.physx.plugin] Cloning joints /World/envs/env_32/Robot/Physics/root_joint without a body rel may cause issues, since the localPose wont be updated.
2026-08-03T03:36:56Z [5,308ms] [Warning] [omni.physx.plugin] Cloning joints /World/envs/env_33/Robot/Physics/root_joint without a body rel may cause issues, since the localPose wont be updated.
2026-08-03T03:36:56Z [5,309ms] [Warning] [omni.physx.plugin] Cloning joints /World/envs/env_34/Robot/Physics/root_joint without a body rel may cause issues, since the localPose wont be updated.
2026-08-03T03:36:56Z [5,309ms] [Warning] [omni.physx.plugin] Cloning joints /World/envs/env_35/Robot/Physics/root_joint without a body rel may cause issues, since the localPose wont be updated.
2026-08-03T03:36:56Z [5,309ms] [Warning] [omni.physx.plugin] Cloning joints /World/envs/env_36/Robot/Physics/root_joint without a body rel may cause issues, since the localPose wont be updated.
2026-08-03T03:36:56Z [5,309ms] [Warning] [omni.physx.plugin] Cloning joints /World/envs/env_37/Robot/Physics/root_joint without a body rel may cause issues, since the localPose wont be updated.
2026-08-03T03:36:56Z [5,310ms] [Warning] [omni.physx.plugin] Cloning joints /World/envs/env_38/Robot/Physics/root_joint without a body rel may cause issues, since the localPose wont be updated.
2026-08-03T03:36:56Z [5,310ms] [Warning] [omni.physx.plugin] Cloning joints /World/envs/env_39/Robot/Physics/root_joint without a body rel may cause issues, since the localPose wont be updated.
2026-08-03T03:36:56Z [5,310ms] [Warning] [omni.physx.plugin] Cloning joints /World/envs/env_40/Robot/Physics/root_joint without a body rel may cause issues, since the localPose wont be updated.
2026-08-03T03:36:56Z [5,310ms] [Warning] [omni.physx.plugin] Cloning joints /World/envs/env_41/Robot/Physics/root_joint without a body rel may cause issues, since the localPose wont be updated.
2026-08-03T03:36:56Z [5,311ms] [Warning] [omni.physx.plugin] Cloning joints /World/envs/env_42/Robot/Physics/root_joint without a body rel may cause issues, since the localPose wont be updated.
2026-08-03T03:36:56Z [5,311ms] [Warning] [omni.physx.plugin] Cloning joints /World/envs/env_43/Robot/Physics/root_joint without a body rel may cause issues, since the localPose wont be updated.
2026-08-03T03:36:56Z [5,311ms] [Warning] [omni.physx.plugin] Cloning joints /World/envs/env_44/Robot/Physics/root_joint without a body rel may cause issues, since the localPose wont be updated.
2026-08-03T03:36:56Z [5,311ms] [Warning] [omni.physx.plugin] Cloning joints /World/envs/env_45/Robot/Physics/root_joint without a body rel may cause issues, since the localPose wont be updated.
2026-08-03T03:36:56Z [5,312ms] [Warning] [omni.physx.plugin] Cloning joints /World/envs/env_46/Robot/Physics/root_joint without a body rel may cause issues, since the localPose wont be updated.
2026-08-03T03:36:56Z [5,312ms] [Warning] [omni.physx.plugin] Cloning joints /World/envs/env_47/Robot/Physics/root_joint without a body rel may cause issues, since the localPose wont be updated.
2026-08-03T03:36:56Z [5,312ms] [Warning] [omni.physx.plugin] Cloning joints /World/envs/env_48/Robot/Physics/root_joint without a body rel may cause issues, since the localPose wont be updated.
2026-08-03T03:36:56Z [5,312ms] [Warning] [omni.physx.plugin] Cloning joints /World/envs/env_49/Robot/Physics/root_joint without a body rel may cause issues, since the localPose wont be updated.
2026-08-03T03:36:56Z [5,313ms] [Warning] [omni.physx.plugin] Cloning joints /World/envs/env_50/Robot/Physics/root_joint without a body rel may cause issues, since the localPose wont be updated.
2026-08-03T03:36:56Z [5,313ms] [Warning] [omni.physx.plugin] Cloning joints /World/envs/env_51/Robot/Physics/root_joint without a body rel may cause issues, since the localPose wont be updated.
2026-08-03T03:36:56Z [5,313ms] [Warning] [omni.physx.plugin] Cloning joints /World/envs/env_52/Robot/Physics/root_joint without a body rel may cause issues, since the localPose wont be updated.
2026-08-03T03:36:56Z [5,313ms] [Warning] [omni.physx.plugin] Cloning joints /World/envs/env_53/Robot/Physics/root_joint without a body rel may cause issues, since the localPose wont be updated.
2026-08-03T03:36:56Z [5,314ms] [Warning] [omni.physx.plugin] Cloning joints /World/envs/env_54/Robot/Physics/root_joint without a body rel may cause issues, since the localPose wont be updated.
2026-08-03T03:36:56Z [5,314ms] [Warning] [omni.physx.plugin] Cloning joints /World/envs/env_55/Robot/Physics/root_joint without a body rel may cause issues, since the localPose wont be updated.
2026-08-03T03:36:56Z [5,314ms] [Warning] [omni.physx.plugin] Cloning joints /World/envs/env_56/Robot/Physics/root_joint without a body rel may cause issues, since the localPose wont be updated.
2026-08-03T03:36:56Z [5,314ms] [Warning] [omni.physx.plugin] Cloning joints /World/envs/env_57/Robot/Physics/root_joint without a body rel may cause issues, since the localPose wont be updated.
2026-08-03T03:36:56Z [5,315ms] [Warning] [omni.physx.plugin] Cloning joints /World/envs/env_58/Robot/Physics/root_joint without a body rel may cause issues, since the localPose wont be updated.
2026-08-03T03:36:56Z [5,315ms] [Warning] [omni.physx.plugin] Cloning joints /World/envs/env_59/Robot/Physics/root_joint without a body rel may cause issues, since the localPose wont be updated.
2026-08-03T03:36:56Z [5,315ms] [Warning] [omni.physx.plugin] Cloning joints /World/envs/env_60/Robot/Physics/root_joint without a body rel may cause issues, since the localPose wont be updated.
2026-08-03T03:36:56Z [5,315ms] [Warning] [omni.physx.plugin] Cloning joints /World/envs/env_61/Robot/Physics/root_joint without a body rel may cause issues, since the localPose wont be updated.
2026-08-03T03:36:56Z [5,316ms] [Warning] [omni.physx.plugin] Cloning joints /World/envs/env_62/Robot/Physics/root_joint without a body rel may cause issues, since the localPose wont be updated.
2026-08-03T03:36:56Z [5,316ms] [Warning] [omni.physx.plugin] Cloning joints /World/envs/env_63/Robot/Physics/root_joint without a body rel may cause issues, since the localPose wont be updated.
2026-08-03T03:36:56Z [5,316ms] [Warning] [omni.physx.plugin] Cloning joints /World/envs/env_64/Robot/Physics/root_joint without a body rel may cause issues, since the localPose wont be updated.
2026-08-03T03:36:56Z [5,316ms] [Warning] [omni.physx.plugin] Cloning joints /World/envs/env_65/Robot/Physics/root_joint without a body rel may cause issues, since the localPose wont be updated.
2026-08-03T03:36:56Z [5,317ms] [Warning] [omni.physx.plugin] Cloning joints /World/envs/env_66/Robot/Physics/root_joint without a body rel may cause issues, since the localPose wont be updated.
2026-08-03T03:36:56Z [5,317ms] [Warning] [omni.physx.plugin] Cloning joints /World/envs/env_67/Robot/Physics/root_joint without a body rel may cause issues, since the localPose wont be updated.
2026-08-03T03:36:56Z [5,317ms] [Warning] [omni.physx.plugin] Cloning joints /World/envs/env_68/Robot/Physics/root_joint without a body rel may cause issues, since the localPose wont be updated.
2026-08-03T03:36:56Z [5,317ms] [Warning] [omni.physx.plugin] Cloning joints /World/envs/env_69/Robot/Physics/root_joint without a body rel may cause issues, since the localPose wont be updated.
2026-08-03T03:36:56Z [5,318ms] [Warning] [omni.physx.plugin] Cloning joints /World/envs/env_70/Robot/Physics/root_joint without a body rel may cause issues, since the localPose wont be updated.
2026-08-03T03:36:56Z [5,318ms] [Warning] [omni.physx.plugin] Cloning joints /World/envs/env_71/Robot/Physics/root_joint without a body rel may cause issues, since the localPose wont be updated.
2026-08-03T03:36:56Z [5,318ms] [Warning] [omni.physx.plugin] Cloning joints /World/envs/env_72/Robot/Physics/root_joint without a body rel may cause issues, since the localPose wont be updated.
2026-08-03T03:36:56Z [5,318ms] [Warning] [omni.physx.plugin] Cloning joints /World/envs/env_73/Robot/Physics/root_joint without a body rel may cause issues, since the localPose wont be updated.
2026-08-03T03:36:56Z [5,319ms] [Warning] [omni.physx.plugin] Cloning joints /World/envs/env_74/Robot/Physics/root_joint without a body rel may cause issues, since the localPose wont be updated.
2026-08-03T03:36:56Z [5,319ms] [Warning] [omni.physx.plugin] Cloning joints /World/envs/env_75/Robot/Physics/root_joint without a body rel may cause issues, since the localPose wont be updated.
2026-08-03T03:36:56Z [5,319ms] [Warning] [omni.physx.plugin] Cloning joints /World/envs/env_76/Robot/Physics/root_joint without a body rel may cause issues, since the localPose wont be updated.
2026-08-03T03:36:56Z [5,319ms] [Warning] [omni.physx.plugin] Cloning joints /World/envs/env_77/Robot/Physics/root_joint without a body rel may cause issues, since the localPose wont be updated.
2026-08-03T03:36:56Z [5,320ms] [Warning] [omni.physx.plugin] Cloning joints /World/envs/env_78/Robot/Physics/root_joint without a body rel may cause issues, since the localPose wont be updated.
2026-08-03T03:36:56Z [5,320ms] [Warning] [omni.physx.plugin] Cloning joints /World/envs/env_79/Robot/Physics/root_joint without a body rel may cause issues, since the localPose wont be updated.
2026-08-03T03:36:56Z [5,320ms] [Warning] [omni.physx.plugin] Cloning joints /World/envs/env_80/Robot/Physics/root_joint without a body rel may cause issues, since the localPose wont be updated.
2026-08-03T03:36:56Z [5,320ms] [Warning] [omni.physx.plugin] Cloning joints /World/envs/env_81/Robot/Physics/root_joint without a body rel may cause issues, since the localPose wont be updated.
2026-08-03T03:36:56Z [5,321ms] [Warning] [omni.physx.plugin] Cloning joints /World/envs/env_82/Robot/Physics/root_joint without a body rel may cause issues, since the localPose wont be updated.
2026-08-03T03:36:56Z [5,321ms] [Warning] [omni.physx.plugin] Cloning joints /World/envs/env_83/Robot/Physics/root_joint without a body rel may cause issues, since the localPose wont be updated.
2026-08-03T03:36:56Z [5,321ms] [Warning] [omni.physx.plugin] Cloning joints /World/envs/env_84/Robot/Physics/root_joint without a body rel may cause issues, since the localPose wont be updated.
2026-08-03T03:36:56Z [5,321ms] [Warning] [omni.physx.plugin] Cloning joints /World/envs/env_85/Robot/Physics/root_joint without a body rel may cause issues, since the localPose wont be updated.
2026-08-03T03:36:56Z [5,322ms] [Warning] [omni.physx.plugin] Cloning joints /World/envs/env_86/Robot/Physics/root_joint without a body rel may cause issues, since the localPose wont be updated.
2026-08-03T03:36:56Z [5,322ms] [Warning] [omni.physx.plugin] Cloning joints /World/envs/env_87/Robot/Physics/root_joint without a body rel may cause issues, since the localPose wont be updated.
2026-08-03T03:36:56Z [5,322ms] [Warning] [omni.physx.plugin] Cloning joints /World/envs/env_88/Robot/Physics/root_joint without a body rel may cause issues, since the localPose wont be updated.
2026-08-03T03:36:56Z [5,323ms] [Warning] [omni.physx.plugin] Cloning joints /World/envs/env_89/Robot/Physics/root_joint without a body rel may cause issues, since the localPose wont be updated.
2026-08-03T03:36:56Z [5,323ms] [Warning] [omni.physx.plugin] Cloning joints /World/envs/env_90/Robot/Physics/root_joint without a body rel may cause issues, since the localPose wont be updated.
2026-08-03T03:36:56Z [5,323ms] [Warning] [omni.physx.plugin] Cloning joints /World/envs/env_91/Robot/Physics/root_joint without a body rel may cause issues, since the localPose wont be updated.
2026-08-03T03:36:56Z [5,323ms] [Warning] [omni.physx.plugin] Cloning joints /World/envs/env_92/Robot/Physics/root_joint without a body rel may cause issues, since the localPose wont be updated.
2026-08-03T03:36:56Z [5,324ms] [Warning] [omni.physx.plugin] Cloning joints /World/envs/env_93/Robot/Physics/root_joint without a body rel may cause issues, since the localPose wont be updated.
2026-08-03T03:36:56Z [5,324ms] [Warning] [omni.physx.plugin] Cloning joints /World/envs/env_94/Robot/Physics/root_joint without a body rel may cause issues, since the localPose wont be updated.
2026-08-03T03:36:56Z [5,324ms] [Warning] [omni.physx.plugin] Cloning joints /World/envs/env_95/Robot/Physics/root_joint without a body rel may cause issues, since the localPose wont be updated.
2026-08-03T03:36:56Z [5,324ms] [Warning] [omni.physx.plugin] Cloning joints /World/envs/env_96/Robot/Physics/root_joint without a body rel may cause issues, since the localPose wont be updated.
2026-08-03T03:36:56Z [5,325ms] [Warning] [omni.physx.plugin] Cloning joints /World/envs/env_97/Robot/Physics/root_joint without a body rel may cause issues, since the localPose wont be updated.
2026-08-03T03:36:56Z [5,325ms] [Warning] [omni.physx.plugin] Cloning joints /World/envs/env_98/Robot/Physics/root_joint without a body rel may cause issues, since the localPose wont be updated.
2026-08-03T03:36:56Z [5,325ms] [Warning] [omni.physx.plugin] Cloning joints /World/envs/env_99/Robot/Physics/root_joint without a body rel may cause issues, since the localPose wont be updated.
2026-08-03T03:36:56Z [5,325ms] [Warning] [omni.physx.plugin] Cloning joints /World/envs/env_100/Robot/Physics/root_joint without a body rel may cause issues, since the localPose wont be updated.
2026-08-03T03:36:56Z [5,326ms] [Warning] [omni.physx.plugin] Cloning joints /World/envs/env_101/Robot/Physics/root_joint without a body rel may cause issues, since the localPose wont be updated.
2026-08-03T03:36:56Z [5,326ms] [Warning] [omni.physx.plugin] Cloning joints /World/envs/env_102/Robot/Physics/root_joint without a body rel may cause issues, since the localPose wont be updated.
2026-08-03T03:36:56Z [5,326ms] [Warning] [omni.physx.plugin] Cloning joints /World/envs/env_103/Robot/Physics/root_joint without a body rel may cause issues, since the localPose wont be updated.
2026-08-03T03:36:56Z [5,326ms] [Warning] [omni.physx.plugin] Cloning joints /World/envs/env_104/Robot/Physics/root_joint without a body rel may cause issues, since the localPose wont be updated.
2026-08-03T03:36:56Z [5,327ms] [Warning] [omni.physx.plugin] Cloning joints /World/envs/env_105/Robot/Physics/root_joint without a body rel may cause issues, since the localPose wont be updated.
2026-08-03T03:36:56Z [5,327ms] [Warning] [omni.physx.plugin] Cloning joints /World/envs/env_106/Robot/Physics/root_joint without a body rel may cause issues, since the localPose wont be updated.
2026-08-03T03:36:56Z [5,327ms] [Warning] [omni.physx.plugin] Cloning joints /World/envs/env_107/Robot/Physics/root_joint without a body rel may cause issues, since the localPose wont be updated.
2026-08-03T03:36:56Z [5,327ms] [Warning] [omni.physx.plugin] Cloning joints /World/envs/env_108/Robot/Physics/root_joint without a body rel may cause issues, since the localPose wont be updated.
2026-08-03T03:36:56Z [5,328ms] [Warning] [omni.physx.plugin] Cloning joints /World/envs/env_109/Robot/Physics/root_joint without a body rel may cause issues, since the localPose wont be updated.
2026-08-03T03:36:56Z [5,328ms] [Warning] [omni.physx.plugin] Cloning joints /World/envs/env_110/Robot/Physics/root_joint without a body rel may cause issues, since the localPose wont be updated.
2026-08-03T03:36:56Z [5,328ms] [Warning] [omni.physx.plugin] Cloning joints /World/envs/env_111/Robot/Physics/root_joint without a body rel may cause issues, since the localPose wont be updated.
2026-08-03T03:36:56Z [5,328ms] [Warning] [omni.physx.plugin] Cloning joints /World/envs/env_112/Robot/Physics/root_joint without a body rel may cause issues, since the localPose wont be updated.
2026-08-03T03:36:56Z [5,329ms] [Warning] [omni.physx.plugin] Cloning joints /World/envs/env_113/Robot/Physics/root_joint without a body rel may cause issues, since the localPose wont be updated.
2026-08-03T03:36:56Z [5,329ms] [Warning] [omni.physx.plugin] Cloning joints /World/envs/env_114/Robot/Physics/root_joint without a body rel may cause issues, since the localPose wont be updated.
2026-08-03T03:36:56Z [5,329ms] [Warning] [omni.physx.plugin] Cloning joints /World/envs/env_115/Robot/Physics/root_joint without a body rel may cause issues, since the localPose wont be updated.
2026-08-03T03:36:56Z [5,329ms] [Warning] [omni.physx.plugin] Cloning joints /World/envs/env_116/Robot/Physics/root_joint without a body rel may cause issues, since the localPose wont be updated.
2026-08-03T03:36:56Z [5,330ms] [Warning] [omni.physx.plugin] Cloning joints /World/envs/env_117/Robot/Physics/root_joint without a body rel may cause issues, since the localPose wont be updated.
2026-08-03T03:36:56Z [5,330ms] [Warning] [omni.physx.plugin] Cloning joints /World/envs/env_118/Robot/Physics/root_joint without a body rel may cause issues, since the localPose wont be updated.
2026-08-03T03:36:56Z [5,330ms] [Warning] [omni.physx.plugin] Cloning joints /World/envs/env_119/Robot/Physics/root_joint without a body rel may cause issues, since the localPose wont be updated.
2026-08-03T03:36:56Z [5,330ms] [Warning] [omni.physx.plugin] Cloning joints /World/envs/env_120/Robot/Physics/root_joint without a body rel may cause issues, since the localPose wont be updated.
2026-08-03T03:36:56Z [5,331ms] [Warning] [omni.physx.plugin] Cloning joints /World/envs/env_121/Robot/Physics/root_joint without a body rel may cause issues, since the localPose wont be updated.
2026-08-03T03:36:56Z [5,331ms] [Warning] [omni.physx.plugin] Cloning joints /World/envs/env_122/Robot/Physics/root_joint without a body rel may cause issues, since the localPose wont be updated.
2026-08-03T03:36:56Z [5,331ms] [Warning] [omni.physx.plugin] Cloning joints /World/envs/env_123/Robot/Physics/root_joint without a body rel may cause issues, since the localPose wont be updated.
2026-08-03T03:36:56Z [5,331ms] [Warning] [omni.physx.plugin] Cloning joints /World/envs/env_124/Robot/Physics/root_joint without a body rel may cause issues, since the localPose wont be updated.
2026-08-03T03:36:56Z [5,332ms] [Warning] [omni.physx.plugin] Cloning joints /World/envs/env_125/Robot/Physics/root_joint without a body rel may cause issues, since the localPose wont be updated.
2026-08-03T03:36:56Z [5,332ms] [Warning] [omni.physx.plugin] Cloning joints /World/envs/env_126/Robot/Physics/root_joint without a body rel may cause issues, since the localPose wont be updated.
2026-08-03T03:36:56Z [5,332ms] [Warning] [omni.physx.plugin] Cloning joints /World/envs/env_127/Robot/Physics/root_joint without a body rel may cause issues, since the localPose wont be updated.
2026-08-03T03:36:56Z [6,068ms] [Warning] [usdrt.population.plugin] Last global time was not created. Did you call setEnableUsdNoticeHandling?
2026-08-03T03:36:57Z [6,207ms] [Warning] [omni.physx.tensors.plugin] Failed to find articulation at '/World/envs/env_0/Robot/Geometry/base_link/base_link'
2026-08-03T03:36:57Z [6,207ms] [Warning] [omni.physx.tensors.plugin] Failed to find articulation at '/World/envs/env_1/Robot/Geometry/base_link/base_link'
2026-08-03T03:36:57Z [6,207ms] [Warning] [omni.physx.tensors.plugin] Failed to find articulation at '/World/envs/env_2/Robot/Geometry/base_link/base_link'
2026-08-03T03:36:57Z [6,207ms] [Warning] [omni.physx.tensors.plugin] Failed to find articulation at '/World/envs/env_3/Robot/Geometry/base_link/base_link'
2026-08-03T03:36:57Z [6,207ms] [Warning] [omni.physx.tensors.plugin] Failed to find articulation at '/World/envs/env_4/Robot/Geometry/base_link/base_link'
2026-08-03T03:36:57Z [6,207ms] [Warning] [omni.physx.tensors.plugin] Failed to find articulation at '/World/envs/env_5/Robot/Geometry/base_link/base_link'
2026-08-03T03:36:57Z [6,208ms] [Warning] [omni.physx.tensors.plugin] Failed to find articulation at '/World/envs/env_6/Robot/Geometry/base_link/base_link'
2026-08-03T03:36:57Z [6,208ms] [Warning] [omni.physx.tensors.plugin] Failed to find articulation at '/World/envs/env_7/Robot/Geometry/base_link/base_link'
2026-08-03T03:36:57Z [6,208ms] [Warning] [omni.physx.tensors.plugin] Failed to find articulation at '/World/envs/env_8/Robot/Geometry/base_link/base_link'
2026-08-03T03:36:57Z [6,208ms] [Warning] [omni.physx.tensors.plugin] Failed to find articulation at '/World/envs/env_9/Robot/Geometry/base_link/base_link'
2026-08-03T03:36:57Z [6,208ms] [Warning] [omni.physx.tensors.plugin] Failed to find articulation at '/World/envs/env_10/Robot/Geometry/base_link/base_link'
2026-08-03T03:36:57Z [6,208ms] [Warning] [omni.physx.tensors.plugin] Failed to find articulation at '/World/envs/env_11/Robot/Geometry/base_link/base_link'
2026-08-03T03:36:57Z [6,208ms] [Warning] [omni.physx.tensors.plugin] Failed to find articulation at '/World/envs/env_12/Robot/Geometry/base_link/base_link'
2026-08-03T03:36:57Z [6,208ms] [Warning] [omni.physx.tensors.plugin] Failed to find articulation at '/World/envs/env_13/Robot/Geometry/base_link/base_link'
2026-08-03T03:36:57Z [6,208ms] [Warning] [omni.physx.tensors.plugin] Failed to find articulation at '/World/envs/env_14/Robot/Geometry/base_link/base_link'
2026-08-03T03:36:57Z [6,208ms] [Warning] [omni.physx.tensors.plugin] Failed to find articulation at '/World/envs/env_15/Robot/Geometry/base_link/base_link'
2026-08-03T03:36:57Z [6,208ms] [Warning] [omni.physx.tensors.plugin] Failed to find articulation at '/World/envs/env_16/Robot/Geometry/base_link/base_link'
2026-08-03T03:36:57Z [6,208ms] [Warning] [omni.physx.tensors.plugin] Failed to find articulation at '/World/envs/env_17/Robot/Geometry/base_link/base_link'
2026-08-03T03:36:57Z [6,208ms] [Warning] [omni.physx.tensors.plugin] Failed to find articulation at '/World/envs/env_18/Robot/Geometry/base_link/base_link'
2026-08-03T03:36:57Z [6,208ms] [Warning] [omni.physx.tensors.plugin] Failed to find articulation at '/World/envs/env_19/Robot/Geometry/base_link/base_link'
2026-08-03T03:36:57Z [6,208ms] [Warning] [omni.physx.tensors.plugin] Failed to find articulation at '/World/envs/env_20/Robot/Geometry/base_link/base_link'
2026-08-03T03:36:57Z [6,208ms] [Warning] [omni.physx.tensors.plugin] Failed to find articulation at '/World/envs/env_21/Robot/Geometry/base_link/base_link'
2026-08-03T03:36:57Z [6,208ms] [Warning] [omni.physx.tensors.plugin] Failed to find articulation at '/World/envs/env_22/Robot/Geometry/base_link/base_link'
2026-08-03T03:36:57Z [6,208ms] [Warning] [omni.physx.tensors.plugin] Failed to find articulation at '/World/envs/env_23/Robot/Geometry/base_link/base_link'
2026-08-03T03:36:57Z [6,208ms] [Warning] [omni.physx.tensors.plugin] Failed to find articulation at '/World/envs/env_24/Robot/Geometry/base_link/base_link'
2026-08-03T03:36:57Z [6,208ms] [Warning] [omni.physx.tensors.plugin] Failed to find articulation at '/World/envs/env_25/Robot/Geometry/base_link/base_link'
2026-08-03T03:36:57Z [6,208ms] [Warning] [omni.physx.tensors.plugin] Failed to find articulation at '/World/envs/env_26/Robot/Geometry/base_link/base_link'
2026-08-03T03:36:57Z [6,208ms] [Warning] [omni.physx.tensors.plugin] Failed to find articulation at '/World/envs/env_27/Robot/Geometry/base_link/base_link'
2026-08-03T03:36:57Z [6,208ms] [Warning] [omni.physx.tensors.plugin] Failed to find articulation at '/World/envs/env_28/Robot/Geometry/base_link/base_link'
2026-08-03T03:36:57Z [6,208ms] [Warning] [omni.physx.tensors.plugin] Failed to find articulation at '/World/envs/env_29/Robot/Geometry/base_link/base_link'
2026-08-03T03:36:57Z [6,208ms] [Warning] [omni.physx.tensors.plugin] Failed to find articulation at '/World/envs/env_30/Robot/Geometry/base_link/base_link'
2026-08-03T03:36:57Z [6,208ms] [Warning] [omni.physx.tensors.plugin] Failed to find articulation at '/World/envs/env_31/Robot/Geometry/base_link/base_link'
2026-08-03T03:36:57Z [6,208ms] [Warning] [omni.physx.tensors.plugin] Failed to find articulation at '/World/envs/env_32/Robot/Geometry/base_link/base_link'
2026-08-03T03:36:57Z [6,208ms] [Warning] [omni.physx.tensors.plugin] Failed to find articulation at '/World/envs/env_33/Robot/Geometry/base_link/base_link'
2026-08-03T03:36:57Z [6,208ms] [Warning] [omni.physx.tensors.plugin] Failed to find articulation at '/World/envs/env_34/Robot/Geometry/base_link/base_link'
2026-08-03T03:36:57Z [6,208ms] [Warning] [omni.physx.tensors.plugin] Failed to find articulation at '/World/envs/env_35/Robot/Geometry/base_link/base_link'
2026-08-03T03:36:57Z [6,208ms] [Warning] [omni.physx.tensors.plugin] Failed to find articulation at '/World/envs/env_36/Robot/Geometry/base_link/base_link'
2026-08-03T03:36:57Z [6,208ms] [Warning] [omni.physx.tensors.plugin] Failed to find articulation at '/World/envs/env_37/Robot/Geometry/base_link/base_link'
2026-08-03T03:36:57Z [6,208ms] [Warning] [omni.physx.tensors.plugin] Failed to find articulation at '/World/envs/env_38/Robot/Geometry/base_link/base_link'
2026-08-03T03:36:57Z [6,208ms] [Warning] [omni.physx.tensors.plugin] Failed to find articulation at '/World/envs/env_39/Robot/Geometry/base_link/base_link'
2026-08-03T03:36:57Z [6,208ms] [Warning] [omni.physx.tensors.plugin] Failed to find articulation at '/World/envs/env_40/Robot/Geometry/base_link/base_link'
2026-08-03T03:36:57Z [6,208ms] [Warning] [omni.physx.tensors.plugin] Failed to find articulation at '/World/envs/env_41/Robot/Geometry/base_link/base_link'
2026-08-03T03:36:57Z [6,208ms] [Warning] [omni.physx.tensors.plugin] Failed to find articulation at '/World/envs/env_42/Robot/Geometry/base_link/base_link'
2026-08-03T03:36:57Z [6,208ms] [Warning] [omni.physx.tensors.plugin] Failed to find articulation at '/World/envs/env_43/Robot/Geometry/base_link/base_link'
2026-08-03T03:36:57Z [6,208ms] [Warning] [omni.physx.tensors.plugin] Failed to find articulation at '/World/envs/env_44/Robot/Geometry/base_link/base_link'
2026-08-03T03:36:57Z [6,208ms] [Warning] [omni.physx.tensors.plugin] Failed to find articulation at '/World/envs/env_45/Robot/Geometry/base_link/base_link'
2026-08-03T03:36:57Z [6,208ms] [Warning] [omni.physx.tensors.plugin] Failed to find articulation at '/World/envs/env_46/Robot/Geometry/base_link/base_link'
2026-08-03T03:36:57Z [6,209ms] [Warning] [omni.physx.tensors.plugin] Failed to find articulation at '/World/envs/env_47/Robot/Geometry/base_link/base_link'
2026-08-03T03:36:57Z [6,209ms] [Warning] [omni.physx.tensors.plugin] Failed to find articulation at '/World/envs/env_48/Robot/Geometry/base_link/base_link'
2026-08-03T03:36:57Z [6,209ms] [Warning] [omni.physx.tensors.plugin] Failed to find articulation at '/World/envs/env_49/Robot/Geometry/base_link/base_link'
2026-08-03T03:36:57Z [6,209ms] [Warning] [omni.physx.tensors.plugin] Failed to find articulation at '/World/envs/env_50/Robot/Geometry/base_link/base_link'
2026-08-03T03:36:57Z [6,209ms] [Warning] [omni.physx.tensors.plugin] Failed to find articulation at '/World/envs/env_51/Robot/Geometry/base_link/base_link'
2026-08-03T03:36:57Z [6,209ms] [Warning] [omni.physx.tensors.plugin] Failed to find articulation at '/World/envs/env_52/Robot/Geometry/base_link/base_link'
2026-08-03T03:36:57Z [6,209ms] [Warning] [omni.physx.tensors.plugin] Failed to find articulation at '/World/envs/env_53/Robot/Geometry/base_link/base_link'
2026-08-03T03:36:57Z [6,209ms] [Warning] [omni.physx.tensors.plugin] Failed to find articulation at '/World/envs/env_54/Robot/Geometry/base_link/base_link'
2026-08-03T03:36:57Z [6,209ms] [Warning] [omni.physx.tensors.plugin] Failed to find articulation at '/World/envs/env_55/Robot/Geometry/base_link/base_link'
2026-08-03T03:36:57Z [6,209ms] [Warning] [omni.physx.tensors.plugin] Failed to find articulation at '/World/envs/env_56/Robot/Geometry/base_link/base_link'
2026-08-03T03:36:57Z [6,209ms] [Warning] [omni.physx.tensors.plugin] Failed to find articulation at '/World/envs/env_57/Robot/Geometry/base_link/base_link'
2026-08-03T03:36:57Z [6,209ms] [Warning] [omni.physx.tensors.plugin] Failed to find articulation at '/World/envs/env_58/Robot/Geometry/base_link/base_link'
2026-08-03T03:36:57Z [6,209ms] [Warning] [omni.physx.tensors.plugin] Failed to find articulation at '/World/envs/env_59/Robot/Geometry/base_link/base_link'
2026-08-03T03:36:57Z [6,209ms] [Warning] [omni.physx.tensors.plugin] Failed to find articulation at '/World/envs/env_60/Robot/Geometry/base_link/base_link'
2026-08-03T03:36:57Z [6,209ms] [Warning] [omni.physx.tensors.plugin] Failed to find articulation at '/World/envs/env_61/Robot/Geometry/base_link/base_link'
2026-08-03T03:36:57Z [6,209ms] [Warning] [omni.physx.tensors.plugin] Failed to find articulation at '/World/envs/env_62/Robot/Geometry/base_link/base_link'
2026-08-03T03:36:57Z [6,209ms] [Warning] [omni.physx.tensors.plugin] Failed to find articulation at '/World/envs/env_63/Robot/Geometry/base_link/base_link'
2026-08-03T03:36:57Z [6,209ms] [Warning] [omni.physx.tensors.plugin] Failed to find articulation at '/World/envs/env_64/Robot/Geometry/base_link/base_link'
2026-08-03T03:36:57Z [6,209ms] [Warning] [omni.physx.tensors.plugin] Failed to find articulation at '/World/envs/env_65/Robot/Geometry/base_link/base_link'
2026-08-03T03:36:57Z [6,209ms] [Warning] [omni.physx.tensors.plugin] Failed to find articulation at '/World/envs/env_66/Robot/Geometry/base_link/base_link'
2026-08-03T03:36:57Z [6,209ms] [Warning] [omni.physx.tensors.plugin] Failed to find articulation at '/World/envs/env_67/Robot/Geometry/base_link/base_link'
2026-08-03T03:36:57Z [6,209ms] [Warning] [omni.physx.tensors.plugin] Failed to find articulation at '/World/envs/env_68/Robot/Geometry/base_link/base_link'
2026-08-03T03:36:57Z [6,209ms] [Warning] [omni.physx.tensors.plugin] Failed to find articulation at '/World/envs/env_69/Robot/Geometry/base_link/base_link'
2026-08-03T03:36:57Z [6,209ms] [Warning] [omni.physx.tensors.plugin] Failed to find articulation at '/World/envs/env_70/Robot/Geometry/base_link/base_link'
2026-08-03T03:36:57Z [6,209ms] [Warning] [omni.physx.tensors.plugin] Failed to find articulation at '/World/envs/env_71/Robot/Geometry/base_link/base_link'
2026-08-03T03:36:57Z [6,209ms] [Warning] [omni.physx.tensors.plugin] Failed to find articulation at '/World/envs/env_72/Robot/Geometry/base_link/base_link'
2026-08-03T03:36:57Z [6,209ms] [Warning] [omni.physx.tensors.plugin] Failed to find articulation at '/World/envs/env_73/Robot/Geometry/base_link/base_link'
2026-08-03T03:36:57Z [6,209ms] [Warning] [omni.physx.tensors.plugin] Failed to find articulation at '/World/envs/env_74/Robot/Geometry/base_link/base_link'
2026-08-03T03:36:57Z [6,209ms] [Warning] [omni.physx.tensors.plugin] Failed to find articulation at '/World/envs/env_75/Robot/Geometry/base_link/base_link'
2026-08-03T03:36:57Z [6,209ms] [Warning] [omni.physx.tensors.plugin] Failed to find articulation at '/World/envs/env_76/Robot/Geometry/base_link/base_link'
2026-08-03T03:36:57Z [6,209ms] [Warning] [omni.physx.tensors.plugin] Failed to find articulation at '/World/envs/env_77/Robot/Geometry/base_link/base_link'
2026-08-03T03:36:57Z [6,209ms] [Warning] [omni.physx.tensors.plugin] Failed to find articulation at '/World/envs/env_78/Robot/Geometry/base_link/base_link'
2026-08-03T03:36:57Z [6,209ms] [Warning] [omni.physx.tensors.plugin] Failed to find articulation at '/World/envs/env_79/Robot/Geometry/base_link/base_link'
2026-08-03T03:36:57Z [6,209ms] [Warning] [omni.physx.tensors.plugin] Failed to find articulation at '/World/envs/env_80/Robot/Geometry/base_link/base_link'
2026-08-03T03:36:57Z [6,209ms] [Warning] [omni.physx.tensors.plugin] Failed to find articulation at '/World/envs/env_81/Robot/Geometry/base_link/base_link'
2026-08-03T03:36:57Z [6,209ms] [Warning] [omni.physx.tensors.plugin] Failed to find articulation at '/World/envs/env_82/Robot/Geometry/base_link/base_link'
2026-08-03T03:36:57Z [6,209ms] [Warning] [omni.physx.tensors.plugin] Failed to find articulation at '/World/envs/env_83/Robot/Geometry/base_link/base_link'
2026-08-03T03:36:57Z [6,209ms] [Warning] [omni.physx.tensors.plugin] Failed to find articulation at '/World/envs/env_84/Robot/Geometry/base_link/base_link'
2026-08-03T03:36:57Z [6,209ms] [Warning] [omni.physx.tensors.plugin] Failed to find articulation at '/World/envs/env_85/Robot/Geometry/base_link/base_link'
2026-08-03T03:36:57Z [6,209ms] [Warning] [omni.physx.tensors.plugin] Failed to find articulation at '/World/envs/env_86/Robot/Geometry/base_link/base_link'
2026-08-03T03:36:57Z [6,209ms] [Warning] [omni.physx.tensors.plugin] Failed to find articulation at '/World/envs/env_87/Robot/Geometry/base_link/base_link'
2026-08-03T03:36:57Z [6,209ms] [Warning] [omni.physx.tensors.plugin] Failed to find articulation at '/World/envs/env_88/Robot/Geometry/base_link/base_link'
2026-08-03T03:36:57Z [6,209ms] [Warning] [omni.physx.tensors.plugin] Failed to find articulation at '/World/envs/env_89/Robot/Geometry/base_link/base_link'
2026-08-03T03:36:57Z [6,210ms] [Warning] [omni.physx.tensors.plugin] Failed to find articulation at '/World/envs/env_90/Robot/Geometry/base_link/base_link'
2026-08-03T03:36:57Z [6,210ms] [Warning] [omni.physx.tensors.plugin] Failed to find articulation at '/World/envs/env_91/Robot/Geometry/base_link/base_link'
2026-08-03T03:36:57Z [6,210ms] [Warning] [omni.physx.tensors.plugin] Failed to find articulation at '/World/envs/env_92/Robot/Geometry/base_link/base_link'
2026-08-03T03:36:57Z [6,210ms] [Warning] [omni.physx.tensors.plugin] Failed to find articulation at '/World/envs/env_93/Robot/Geometry/base_link/base_link'
2026-08-03T03:36:57Z [6,210ms] [Warning] [omni.physx.tensors.plugin] Failed to find articulation at '/World/envs/env_94/Robot/Geometry/base_link/base_link'
2026-08-03T03:36:57Z [6,210ms] [Warning] [omni.physx.tensors.plugin] Failed to find articulation at '/World/envs/env_95/Robot/Geometry/base_link/base_link'
2026-08-03T03:36:57Z [6,210ms] [Warning] [omni.physx.tensors.plugin] Failed to find articulation at '/World/envs/env_96/Robot/Geometry/base_link/base_link'
2026-08-03T03:36:57Z [6,210ms] [Warning] [omni.physx.tensors.plugin] Failed to find articulation at '/World/envs/env_97/Robot/Geometry/base_link/base_link'
2026-08-03T03:36:57Z [6,210ms] [Warning] [omni.physx.tensors.plugin] Failed to find articulation at '/World/envs/env_98/Robot/Geometry/base_link/base_link'
2026-08-03T03:36:57Z [6,210ms] [Warning] [omni.physx.tensors.plugin] Failed to find articulation at '/World/envs/env_99/Robot/Geometry/base_link/base_link'
2026-08-03T03:36:57Z [6,210ms] [Warning] [omni.physx.tensors.plugin] Failed to find articulation at '/World/envs/env_100/Robot/Geometry/base_link/base_link'
2026-08-03T03:36:57Z [6,210ms] [Warning] [omni.physx.tensors.plugin] Failed to find articulation at '/World/envs/env_101/Robot/Geometry/base_link/base_link'
2026-08-03T03:36:57Z [6,210ms] [Warning] [omni.physx.tensors.plugin] Failed to find articulation at '/World/envs/env_102/Robot/Geometry/base_link/base_link'
2026-08-03T03:36:57Z [6,210ms] [Warning] [omni.physx.tensors.plugin] Failed to find articulation at '/World/envs/env_103/Robot/Geometry/base_link/base_link'
2026-08-03T03:36:57Z [6,210ms] [Warning] [omni.physx.tensors.plugin] Failed to find articulation at '/World/envs/env_104/Robot/Geometry/base_link/base_link'
2026-08-03T03:36:57Z [6,210ms] [Warning] [omni.physx.tensors.plugin] Failed to find articulation at '/World/envs/env_105/Robot/Geometry/base_link/base_link'
[INFO]: Time taken for scene creation Last: 1.080359 s, Mean: 1.080359 s, Std: 0.000000 s, N: 1
[INFO]: Scene manager:  <class InteractiveScene>
	Number of environments: 128
	Environment spacing   : 2.0
	Source prim name      : /World/envs/env_0
	Global prim paths     : []
	Replicate physics     : True
[INFO]: Simulation parameters for joints in /World/envs/env_.*/Robot:
+------------------------------------------------------------------------------------------------------------------------------------------------------------------+
|                                                Simulation Joint Information (Prim path: /World/envs/env_.*/Robot)                                                |
+-------+-------------+-----------+---------+----------+-----------------+------------------+------------------+-----------------+-----------------+---------------+
| Index | Name        | Stiffness | Damping | Armature | Static Friction | Dynamic Friction | Viscous Friction | Position Limits | Velocity Limits | Effort Limits |
+-------+-------------+-----------+---------+----------+-----------------+------------------+------------------+-----------------+-----------------+---------------+
|   0   | joint1      |  2.9e+04  | 3.4e+03 |  0.000   |      0.000      |      0.000       |      0.000       | [-2.800, 2.800] |      50.000     |     36.000    |
|   1   | joint2      |  8.6e+04  | 5.5e+03 |  0.000   |      0.000      |      0.000       |      0.000       | [-3.140, 0.000] |      50.000     |     36.000    |
|   2   | joint3      |  5.7e+04  | 4.4e+03 |  0.000   |      0.000      |      0.000       |      0.000       | [-3.140, 0.000] |      50.000     |     36.000    |
|   3   | joint4      |  8.6e+03  | 1.0e+03 |  0.000   |      0.000      |      0.000       |      0.000       | [-1.790, 1.690] |      40.000     |     14.000    |
|   4   | joint5      |  4.6e+03  | 572.958 |  0.000   |      0.000      |      0.000       |      0.000       | [-1.570, 1.570] |      40.000     |     14.000    |
|   5   | joint6      |  2.9e+03  | 401.070 |  0.000   |      0.000      |      0.000       |      0.000       | [-3.140, 3.140] |      40.000     |     14.000    |
|   6   | joint_left  |  2.0e+03  |  40.000 |  0.000   |      0.000      |      0.000       |      0.000       |  [0.000, 0.050] |      10.000     |    500.000    |
|   7   | joint_right |  2.0e+03  |  40.000 |  0.000   |      0.000      |      0.000       |      0.000       |  [0.000, 0.072] |      10.000     |    500.000    |
+-------+-------------+-----------+---------+----------+-----------------+------------------+------------------+-----------------+-----------------+---------------+
[INFO]: Offsets application needed from '/World/envs/env_.*/Robot/Geometry/base_link' to the following target frames: ['end_effector']
2026-08-03T03:36:57Z [6,210ms] [Warning] [omni.physx.tensors.plugin] Failed to find articulation at '/World/envs/env_106/Robot/Geometry/base_link/base_link'
2026-08-03T03:36:57Z [6,210ms] [Warning] [omni.physx.tensors.plugin] Failed to find articulation at '/World/envs/env_107/Robot/Geometry/base_link/base_link'
2026-08-03T03:36:57Z [6,210ms] [Warning] [omni.physx.tensors.plugin] Failed to find articulation at '/World/envs/env_108/Robot/Geometry/base_link/base_link'
2026-08-03T03:36:57Z [6,210ms] [Warning] [omni.physx.tensors.plugin] Failed to find articulation at '/World/envs/env_109/Robot/Geometry/base_link/base_link'
2026-08-03T03:36:57Z [6,210ms] [Warning] [omni.physx.tensors.plugin] Failed to find articulation at '/World/envs/env_110/Robot/Geometry/base_link/base_link'
2026-08-03T03:36:57Z [6,210ms] [Warning] [omni.physx.tensors.plugin] Failed to find articulation at '/World/envs/env_111/Robot/Geometry/base_link/base_link'
2026-08-03T03:36:57Z [6,210ms] [Warning] [omni.physx.tensors.plugin] Failed to find articulation at '/World/envs/env_112/Robot/Geometry/base_link/base_link'
2026-08-03T03:36:57Z [6,210ms] [Warning] [omni.physx.tensors.plugin] Failed to find articulation at '/World/envs/env_113/Robot/Geometry/base_link/base_link'
2026-08-03T03:36:57Z [6,210ms] [Warning] [omni.physx.tensors.plugin] Failed to find articulation at '/World/envs/env_114/Robot/Geometry/base_link/base_link'
2026-08-03T03:36:57Z [6,210ms] [Warning] [omni.physx.tensors.plugin] Failed to find articulation at '/World/envs/env_115/Robot/Geometry/base_link/base_link'
2026-08-03T03:36:57Z [6,210ms] [Warning] [omni.physx.tensors.plugin] Failed to find articulation at '/World/envs/env_116/Robot/Geometry/base_link/base_link'
2026-08-03T03:36:57Z [6,210ms] [Warning] [omni.physx.tensors.plugin] Failed to find articulation at '/World/envs/env_117/Robot/Geometry/base_link/base_link'
2026-08-03T03:36:57Z [6,210ms] [Warning] [omni.physx.tensors.plugin] Failed to find articulation at '/World/envs/env_118/Robot/Geometry/base_link/base_link'
2026-08-03T03:36:57Z [6,210ms] [Warning] [omni.physx.tensors.plugin] Failed to find articulation at '/World/envs/env_119/Robot/Geometry/base_link/base_link'
2026-08-03T03:36:57Z [6,210ms] [Warning] [omni.physx.tensors.plugin] Failed to find articulation at '/World/envs/env_120/Robot/Geometry/base_link/base_link'
2026-08-03T03:36:57Z [6,210ms] [Warning] [omni.physx.tensors.plugin] Failed to find articulation at '/World/envs/env_121/Robot/Geometry/base_link/base_link'
2026-08-03T03:36:57Z [6,210ms] [Warning] [omni.physx.tensors.plugin] Failed to find articulation at '/World/envs/env_122/Robot/Geometry/base_link/base_link'
2026-08-03T03:36:57Z [6,210ms] [Warning] [omni.physx.tensors.plugin] Failed to find articulation at '/World/envs/env_123/Robot/Geometry/base_link/base_link'
2026-08-03T03:36:57Z [6,210ms] [Warning] [omni.physx.tensors.plugin] Failed to find articulation at '/World/envs/env_124/Robot/Geometry/base_link/base_link'
2026-08-03T03:36:57Z [6,210ms] [Warning] [omni.physx.tensors.plugin] Failed to find articulation at '/World/envs/env_125/Robot/Geometry/base_link/base_link'
2026-08-03T03:36:57Z [6,210ms] [Warning] [omni.physx.tensors.plugin] Failed to find articulation at '/World/envs/env_126/Robot/Geometry/base_link/base_link'
2026-08-03T03:36:57Z [6,210ms] [Warning] [omni.physx.tensors.plugin] Failed to find articulation at '/World/envs/env_127/Robot/Geometry/base_link/base_link'
2026-08-03T03:36:57Z [6,374ms] [Warning] [omni.physx.tensors.plugin] Failed to find rigid body at '/World/envs/env_0/Robot/Geometry/base_link/base_link'
2026-08-03T03:36:57Z [6,374ms] [Warning] [omni.physx.tensors.plugin] Failed to find rigid body at '/World/envs/env_1/Robot/Geometry/base_link/base_link'
2026-08-03T03:36:57Z [6,374ms] [Warning] [omni.physx.tensors.plugin] Failed to find rigid body at '/World/envs/env_2/Robot/Geometry/base_link/base_link'
2026-08-03T03:36:57Z [6,374ms] [Warning] [omni.physx.tensors.plugin] Failed to find rigid body at '/World/envs/env_3/Robot/Geometry/base_link/base_link'
2026-08-03T03:36:57Z [6,374ms] [Warning] [omni.physx.tensors.plugin] Failed to find rigid body at '/World/envs/env_4/Robot/Geometry/base_link/base_link'
2026-08-03T03:36:57Z [6,374ms] [Warning] [omni.physx.tensors.plugin] Failed to find rigid body at '/World/envs/env_5/Robot/Geometry/base_link/base_link'
2026-08-03T03:36:57Z [6,375ms] [Warning] [omni.physx.tensors.plugin] Failed to find rigid body at '/World/envs/env_6/Robot/Geometry/base_link/base_link'
2026-08-03T03:36:57Z [6,375ms] [Warning] [omni.physx.tensors.plugin] Failed to find rigid body at '/World/envs/env_7/Robot/Geometry/base_link/base_link'
2026-08-03T03:36:57Z [6,375ms] [Warning] [omni.physx.tensors.plugin] Failed to find rigid body at '/World/envs/env_8/Robot/Geometry/base_link/base_link'
2026-08-03T03:36:57Z [6,375ms] [Warning] [omni.physx.tensors.plugin] Failed to find rigid body at '/World/envs/env_9/Robot/Geometry/base_link/base_link'
2026-08-03T03:36:57Z [6,375ms] [Warning] [omni.physx.tensors.plugin] Failed to find rigid body at '/World/envs/env_10/Robot/Geometry/base_link/base_link'
2026-08-03T03:36:57Z [6,375ms] [Warning] [omni.physx.tensors.plugin] Failed to find rigid body at '/World/envs/env_11/Robot/Geometry/base_link/base_link'
2026-08-03T03:36:57Z [6,375ms] [Warning] [omni.physx.tensors.plugin] Failed to find rigid body at '/World/envs/env_12/Robot/Geometry/base_link/base_link'
2026-08-03T03:36:57Z [6,375ms] [Warning] [omni.physx.tensors.plugin] Failed to find rigid body at '/World/envs/env_13/Robot/Geometry/base_link/base_link'
2026-08-03T03:36:57Z [6,375ms] [Warning] [omni.physx.tensors.plugin] Failed to find rigid body at '/World/envs/env_14/Robot/Geometry/base_link/base_link'
2026-08-03T03:36:57Z [6,375ms] [Warning] [omni.physx.tensors.plugin] Failed to find rigid body at '/World/envs/env_15/Robot/Geometry/base_link/base_link'
2026-08-03T03:36:57Z [6,375ms] [Warning] [omni.physx.tensors.plugin] Failed to find rigid body at '/World/envs/env_16/Robot/Geometry/base_link/base_link'
2026-08-03T03:36:57Z [6,375ms] [Warning] [omni.physx.tensors.plugin] Failed to find rigid body at '/World/envs/env_17/Robot/Geometry/base_link/base_link'
2026-08-03T03:36:57Z [6,375ms] [Warning] [omni.physx.tensors.plugin] Failed to find rigid body at '/World/envs/env_18/Robot/Geometry/base_link/base_link'
2026-08-03T03:36:57Z [6,375ms] [Warning] [omni.physx.tensors.plugin] Failed to find rigid body at '/World/envs/env_19/Robot/Geometry/base_link/base_link'
2026-08-03T03:36:57Z [6,375ms] [Warning] [omni.physx.tensors.plugin] Failed to find rigid body at '/World/envs/env_20/Robot/Geometry/base_link/base_link'
2026-08-03T03:36:57Z [6,375ms] [Warning] [omni.physx.tensors.plugin] Failed to find rigid body at '/World/envs/env_21/Robot/Geometry/base_link/base_link'
2026-08-03T03:36:57Z [6,375ms] [Warning] [omni.physx.tensors.plugin] Failed to find rigid body at '/World/envs/env_22/Robot/Geometry/base_link/base_link'
2026-08-03T03:36:57Z [6,375ms] [Warning] [omni.physx.tensors.plugin] Failed to find rigid body at '/World/envs/env_23/Robot/Geometry/base_link/base_link'
2026-08-03T03:36:57Z [6,375ms] [Warning] [omni.physx.tensors.plugin] Failed to find rigid body at '/World/envs/env_24/Robot/Geometry/base_link/base_link'
2026-08-03T03:36:57Z [6,375ms] [Warning] [omni.physx.tensors.plugin] Failed to find rigid body at '/World/envs/env_25/Robot/Geometry/base_link/base_link'
2026-08-03T03:36:57Z [6,375ms] [Warning] [omni.physx.tensors.plugin] Failed to find rigid body at '/World/envs/env_26/Robot/Geometry/base_link/base_link'
2026-08-03T03:36:57Z [6,375ms] [Warning] [omni.physx.tensors.plugin] Failed to find rigid body at '/World/envs/env_27/Robot/Geometry/base_link/base_link'
2026-08-03T03:36:57Z [6,375ms] [Warning] [omni.physx.tensors.plugin] Failed to find rigid body at '/World/envs/env_28/Robot/Geometry/base_link/base_link'
2026-08-03T03:36:57Z [6,375ms] [Warning] [omni.physx.tensors.plugin] Failed to find rigid body at '/World/envs/env_29/Robot/Geometry/base_link/base_link'
2026-08-03T03:36:57Z [6,375ms] [Warning] [omni.physx.tensors.plugin] Failed to find rigid body at '/World/envs/env_30/Robot/Geometry/base_link/base_link'
2026-08-03T03:36:57Z [6,375ms] [Warning] [omni.physx.tensors.plugin] Failed to find rigid body at '/World/envs/env_31/Robot/Geometry/base_link/base_link'
2026-08-03T03:36:57Z [6,375ms] [Warning] [omni.physx.tensors.plugin] Failed to find rigid body at '/World/envs/env_32/Robot/Geometry/base_link/base_link'
2026-08-03T03:36:57Z [6,375ms] [Warning] [omni.physx.tensors.plugin] Failed to find rigid body at '/World/envs/env_33/Robot/Geometry/base_link/base_link'
2026-08-03T03:36:57Z [6,375ms] [Warning] [omni.physx.tensors.plugin] Failed to find rigid body at '/World/envs/env_34/Robot/Geometry/base_link/base_link'
2026-08-03T03:36:57Z [6,375ms] [Warning] [omni.physx.tensors.plugin] Failed to find rigid body at '/World/envs/env_35/Robot/Geometry/base_link/base_link'
2026-08-03T03:36:57Z [6,375ms] [Warning] [omni.physx.tensors.plugin] Failed to find rigid body at '/World/envs/env_36/Robot/Geometry/base_link/base_link'
2026-08-03T03:36:57Z [6,375ms] [Warning] [omni.physx.tensors.plugin] Failed to find rigid body at '/World/envs/env_37/Robot/Geometry/base_link/base_link'
2026-08-03T03:36:57Z [6,375ms] [Warning] [omni.physx.tensors.plugin] Failed to find rigid body at '/World/envs/env_38/Robot/Geometry/base_link/base_link'
2026-08-03T03:36:57Z [6,375ms] [Warning] [omni.physx.tensors.plugin] Failed to find rigid body at '/World/envs/env_39/Robot/Geometry/base_link/base_link'
2026-08-03T03:36:57Z [6,375ms] [Warning] [omni.physx.tensors.plugin] Failed to find rigid body at '/World/envs/env_40/Robot/Geometry/base_link/base_link'
2026-08-03T03:36:57Z [6,375ms] [Warning] [omni.physx.tensors.plugin] Failed to find rigid body at '/World/envs/env_41/Robot/Geometry/base_link/base_link'
2026-08-03T03:36:57Z [6,375ms] [Warning] [omni.physx.tensors.plugin] Failed to find rigid body at '/World/envs/env_42/Robot/Geometry/base_link/base_link'
2026-08-03T03:36:57Z [6,375ms] [Warning] [omni.physx.tensors.plugin] Failed to find rigid body at '/World/envs/env_43/Robot/Geometry/base_link/base_link'
2026-08-03T03:36:57Z [6,375ms] [Warning] [omni.physx.tensors.plugin] Failed to find rigid body at '/World/envs/env_44/Robot/Geometry/base_link/base_link'
2026-08-03T03:36:57Z [6,375ms] [Warning] [omni.physx.tensors.plugin] Failed to find rigid body at '/World/envs/env_45/Robot/Geometry/base_link/base_link'
2026-08-03T03:36:57Z [6,375ms] [Warning] [omni.physx.tensors.plugin] Failed to find rigid body at '/World/envs/env_46/Robot/Geometry/base_link/base_link'
2026-08-03T03:36:57Z [6,375ms] [Warning] [omni.physx.tensors.plugin] Failed to find rigid body at '/World/envs/env_47/Robot/Geometry/base_link/base_link'
2026-08-03T03:36:57Z [6,375ms] [Warning] [omni.physx.tensors.plugin] Failed to find rigid body at '/World/envs/env_48/Robot/Geometry/base_link/base_link'
2026-08-03T03:36:57Z [6,375ms] [Warning] [omni.physx.tensors.plugin] Failed to find rigid body at '/World/envs/env_49/Robot/Geometry/base_link/base_link'
2026-08-03T03:36:57Z [6,375ms] [Warning] [omni.physx.tensors.plugin] Failed to find rigid body at '/World/envs/env_50/Robot/Geometry/base_link/base_link'
2026-08-03T03:36:57Z [6,375ms] [Warning] [omni.physx.tensors.plugin] Failed to find rigid body at '/World/envs/env_51/Robot/Geometry/base_link/base_link'
2026-08-03T03:36:57Z [6,375ms] [Warning] [omni.physx.tensors.plugin] Failed to find rigid body at '/World/envs/env_52/Robot/Geometry/base_link/base_link'
2026-08-03T03:36:57Z [6,375ms] [Warning] [omni.physx.tensors.plugin] Failed to find rigid body at '/World/envs/env_53/Robot/Geometry/base_link/base_link'
2026-08-03T03:36:57Z [6,375ms] [Warning] [omni.physx.tensors.plugin] Failed to find rigid body at '/World/envs/env_54/Robot/Geometry/base_link/base_link'
2026-08-03T03:36:57Z [6,375ms] [Warning] [omni.physx.tensors.plugin] Failed to find rigid body at '/World/envs/env_55/Robot/Geometry/base_link/base_link'
2026-08-03T03:36:57Z [6,375ms] [Warning] [omni.physx.tensors.plugin] Failed to find rigid body at '/World/envs/env_56/Robot/Geometry/base_link/base_link'
2026-08-03T03:36:57Z [6,375ms] [Warning] [omni.physx.tensors.plugin] Failed to find rigid body at '/World/envs/env_57/Robot/Geometry/base_link/base_link'
2026-08-03T03:36:57Z [6,375ms] [Warning] [omni.physx.tensors.plugin] Failed to find rigid body at '/World/envs/env_58/Robot/Geometry/base_link/base_link'
2026-08-03T03:36:57Z [6,375ms] [Warning] [omni.physx.tensors.plugin] Failed to find rigid body at '/World/envs/env_59/Robot/Geometry/base_link/base_link'
2026-08-03T03:36:57Z [6,375ms] [Warning] [omni.physx.tensors.plugin] Failed to find rigid body at '/World/envs/env_60/Robot/Geometry/base_link/base_link'
2026-08-03T03:36:57Z [6,375ms] [Warning] [omni.physx.tensors.plugin] Failed to find rigid body at '/World/envs/env_61/Robot/Geometry/base_link/base_link'
2026-08-03T03:36:57Z [6,375ms] [Warning] [omni.physx.tensors.plugin] Failed to find rigid body at '/World/envs/env_62/Robot/Geometry/base_link/base_link'
2026-08-03T03:36:57Z [6,375ms] [Warning] [omni.physx.tensors.plugin] Failed to find rigid body at '/World/envs/env_63/Robot/Geometry/base_link/base_link'
2026-08-03T03:36:57Z [6,375ms] [Warning] [omni.physx.tensors.plugin] Failed to find rigid body at '/World/envs/env_64/Robot/Geometry/base_link/base_link'
2026-08-03T03:36:57Z [6,375ms] [Warning] [omni.physx.tensors.plugin] Failed to find rigid body at '/World/envs/env_65/Robot/Geometry/base_link/base_link'
2026-08-03T03:36:57Z [6,375ms] [Warning] [omni.physx.tensors.plugin] Failed to find rigid body at '/World/envs/env_66/Robot/Geometry/base_link/base_link'
2026-08-03T03:36:57Z [6,375ms] [Warning] [omni.physx.tensors.plugin] Failed to find rigid body at '/World/envs/env_67/Robot/Geometry/base_link/base_link'
2026-08-03T03:36:57Z [6,375ms] [Warning] [omni.physx.tensors.plugin] Failed to find rigid body at '/World/envs/env_68/Robot/Geometry/base_link/base_link'
2026-08-03T03:36:57Z [6,375ms] [Warning] [omni.physx.tensors.plugin] Failed to find rigid body at '/World/envs/env_69/Robot/Geometry/base_link/base_link'
2026-08-03T03:36:57Z [6,375ms] [Warning] [omni.physx.tensors.plugin] Failed to find rigid body at '/World/envs/env_70/Robot/Geometry/base_link/base_link'
2026-08-03T03:36:57Z [6,375ms] [Warning] [omni.physx.tensors.plugin] Failed to find rigid body at '/World/envs/env_71/Robot/Geometry/base_link/base_link'
2026-08-03T03:36:57Z [6,375ms] [Warning] [omni.physx.tensors.plugin] Failed to find rigid body at '/World/envs/env_72/Robot/Geometry/base_link/base_link'
2026-08-03T03:36:57Z [6,375ms] [Warning] [omni.physx.tensors.plugin] Failed to find rigid body at '/World/envs/env_73/Robot/Geometry/base_link/base_link'
2026-08-03T03:36:57Z [6,375ms] [Warning] [omni.physx.tensors.plugin] Failed to find rigid body at '/World/envs/env_74/Robot/Geometry/base_link/base_link'
2026-08-03T03:36:57Z [6,375ms] [Warning] [omni.physx.tensors.plugin] Failed to find rigid body at '/World/envs/env_75/Robot/Geometry/base_link/base_link'
2026-08-03T03:36:57Z [6,375ms] [Warning] [omni.physx.tensors.plugin] Failed to find rigid body at '/World/envs/env_76/Robot/Geometry/base_link/base_link'
2026-08-03T03:36:57Z [6,375ms] [Warning] [omni.physx.tensors.plugin] Failed to find rigid body at '/World/envs/env_77/Robot/Geometry/base_link/base_link'
2026-08-03T03:36:57Z [6,375ms] [Warning] [omni.physx.tensors.plugin] Failed to find rigid body at '/World/envs/env_78/Robot/Geometry/base_link/base_link'
2026-08-03T03:36:57Z [6,375ms] [Warning] [omni.physx.tensors.plugin] Failed to find rigid body at '/World/envs/env_79/Robot/Geometry/base_link/base_link'
2026-08-03T03:36:57Z [6,375ms] [Warning] [omni.physx.tensors.plugin] Failed to find rigid body at '/World/envs/env_80/Robot/Geometry/base_link/base_link'
2026-08-03T03:36:57Z [6,375ms] [Warning] [omni.physx.tensors.plugin] Failed to find rigid body at '/World/envs/env_81/Robot/Geometry/base_link/base_link'
2026-08-03T03:36:57Z [6,375ms] [Warning] [omni.physx.tensors.plugin] Failed to find rigid body at '/World/envs/env_82/Robot/Geometry/base_link/base_link'
2026-08-03T03:36:57Z [6,375ms] [Warning] [omni.physx.tensors.plugin] Failed to find rigid body at '/World/envs/env_83/Robot/Geometry/base_link/base_link'
2026-08-03T03:36:57Z [6,375ms] [Warning] [omni.physx.tensors.plugin] Failed to find rigid body at '/World/envs/env_84/Robot/Geometry/base_link/base_link'
2026-08-03T03:36:57Z [6,375ms] [Warning] [omni.physx.tensors.plugin] Failed to find rigid body at '/World/envs/env_85/Robot/Geometry/base_link/base_link'
2026-08-03T03:36:57Z [6,375ms] [Warning] [omni.physx.tensors.plugin] Failed to find rigid body at '/World/envs/env_86/Robot/Geometry/base_link/base_link'
2026-08-03T03:36:57Z [6,375ms] [Warning] [omni.physx.tensors.plugin] Failed to find rigid body at '/World/envs/env_87/Robot/Geometry/base_link/base_link'
2026-08-03T03:36:57Z [6,375ms] [Warning] [omni.physx.tensors.plugin] Failed to find rigid body at '/World/envs/env_88/Robot/Geometry/base_link/base_link'
2026-08-03T03:36:57Z [6,375ms] [Warning] [omni.physx.tensors.plugin] Failed to find rigid body at '/World/envs/env_89/Robot/Geometry/base_link/base_link'
2026-08-03T03:36:57Z [6,375ms] [Warning] [omni.physx.tensors.plugin] Failed to find rigid body at '/World/envs/env_90/Robot/Geometry/base_link/base_link'
2026-08-03T03:36:57Z [6,375ms] [Warning] [omni.physx.tensors.plugin] Failed to find rigid body at '/World/envs/env_91/Robot/Geometry/base_link/base_link'
2026-08-03T03:36:57Z [6,375ms] [Warning] [omni.physx.tensors.plugin] Failed to find rigid body at '/World/envs/env_92/Robot/Geometry/base_link/base_link'
2026-08-03T03:36:57Z [6,375ms] [Warning] [omni.physx.tensors.plugin] Failed to find rigid body at '/World/envs/env_93/Robot/Geometry/base_link/base_link'
2026-08-03T03:36:57Z [6,375ms] [Warning] [omni.physx.tensors.plugin] Failed to find rigid body at '/World/envs/env_94/Robot/Geometry/base_link/base_link'
2026-08-03T03:36:57Z [6,375ms] [Warning] [omni.physx.tensors.plugin] Failed to find rigid body at '/World/envs/env_95/Robot/Geometry/base_link/base_link'
2026-08-03T03:36:57Z [6,375ms] [Warning] [omni.physx.tensors.plugin] Failed to find rigid body at '/World/envs/env_96/Robot/Geometry/base_link/base_link'
2026-08-03T03:36:57Z [6,375ms] [Warning] [omni.physx.tensors.plugin] Failed to find rigid body at '/World/envs/env_97/Robot/Geometry/base_link/base_link'
2026-08-03T03:36:57Z [6,375ms] [Warning] [omni.physx.tensors.plugin] Failed to find rigid body at '/World/envs/env_98/Robot/Geometry/base_link/base_link'
2026-08-03T03:36:57Z [6,375ms] [Warning] [omni.physx.tensors.plugin] Failed to find rigid body at '/World/envs/env_99/Robot/Geometry/base_link/base_link'
2026-08-03T03:36:57Z [6,375ms] [Warning] [omni.physx.tensors.plugin] Failed to find rigid body at '/World/envs/env_100/Robot/Geometry/base_link/base_link'
2026-08-03T03:36:57Z [6,375ms] [Warning] [omni.physx.tensors.plugin] Failed to find rigid body at '/World/envs/env_101/Robot/Geometry/base_link/base_link'
2026-08-03T03:36:57Z [6,375ms] [Warning] [omni.physx.tensors.plugin] Failed to find rigid body at '/World/envs/env_102/Robot/Geometry/base_link/base_link'
2026-08-03T03:36:57Z [6,375ms] [Warning] [omni.physx.tensors.plugin] Failed to find rigid body at '/World/envs/env_103/Robot/Geometry/base_link/base_link'
2026-08-03T03:36:57Z [6,375ms] [Warning] [omni.physx.tensors.plugin] Failed to find rigid body at '/World/envs/env_104/Robot/Geometry/base_link/base_link'
2026-08-03T03:36:57Z [6,375ms] [Warning] [omni.physx.tensors.plugin] Failed to find rigid body at '/World/envs/env_105/Robot/Geometry/base_link/base_link'
2026-08-03T03:36:57Z [6,375ms] [Warning] [omni.physx.tensors.plugin] Failed to find rigid body at '/World/envs/env_106/Robot/Geometry/base_link/base_link'
2026-08-03T03:36:57Z [6,375ms] [Warning] [omni.physx.tensors.plugin] Failed to find rigid body at '/World/envs/env_107/Robot/Geometry/base_link/base_link'
2026-08-03T03:36:57Z [6,375ms] [Warning] [omni.physx.tensors.plugin] Failed to find rigid body at '/World/envs/env_108/Robot/Geometry/base_link/base_link'
2026-08-03T03:36:57Z [6,375ms] [Warning] [omni.physx.tensors.plugin] Failed to find rigid body at '/World/envs/env_109/Robot/Geometry/base_link/base_link'
2026-08-03T03:36:57Z [6,375ms] [Warning] [omni.physx.tensors.plugin] Failed to find rigid body at '/World/envs/env_110/Robot/Geometry/base_link/base_link'
2026-08-03T03:36:57Z [6,375ms] [Warning] [omni.physx.tensors.plugin] Failed to find rigid body at '/World/envs/env_111/Robot/Geometry/base_link/base_link'
2026-08-03T03:36:57Z [6,375ms] [Warning] [omni.physx.tensors.plugin] Failed to find rigid body at '/World/envs/env_112/Robot/Geometry/base_link/base_link'
2026-08-03T03:36:57Z [6,375ms] [Warning] [omni.physx.tensors.plugin] Failed to find rigid body at '/World/envs/env_113/Robot/Geometry/base_link/base_link'
2026-08-03T03:36:57Z [6,375ms] [Warning] [omni.physx.tensors.plugin] Failed to find rigid body at '/World/envs/env_114/Robot/Geometry/base_link/base_link'
2026-08-03T03:36:57Z [6,375ms] [Warning] [omni.physx.tensors.plugin] Failed to find rigid body at '/World/envs/env_115/Robot/Geometry/base_link/base_link'
2026-08-03T03:36:57Z [6,375ms] [Warning] [omni.physx.tensors.plugin] Failed to find rigid body at '/World/envs/env_116/Robot/Geometry/base_link/base_link'
2026-08-03T03:36:57Z [6,375ms] [Warning] [omni.physx.tensors.plugin] Failed to find rigid body at '/World/envs/env_117/Robot/Geometry/base_link/base_link'
2026-08-03T03:36:57Z [6,375ms] [Warning] [omni.physx.tensors.plugin] Failed to find rigid body at '/World/envs/env_118/Robot/Geometry/base_link/base_link'
2026-08-03T03:36:57Z [6,375ms] [Warning] [omni.physx.tensors.plugin] Failed to find rigid body at '/World/envs/env_119/Robot/Geometry/base_link/base_link'
2026-08-03T03:36:57Z [6,375ms] [Warning] [omni.physx.tensors.plugin] Failed to find rigid body at '/World/envs/env_120/Robot/Geometry/base_link/base_link'
2026-08-03T03:36:57Z [6,375ms] [Warning] [omni.physx.tensors.plugin] Failed to find rigid body at '/World/envs/env_121/Robot/Geometry/base_link/base_link'
2026-08-03T03:36:57Z [6,375ms] [Warning] [omni.physx.tensors.plugin] Failed to find rigid body at '/World/envs/env_122/Robot/Geometry/base_link/base_link'
2026-08-03T03:36:57Z [6,375ms] [Warning] [omni.physx.tensors.plugin] Failed to find rigid body at '/World/envs/env_123/Robot/Geometry/base_link/base_link'
2026-08-03T03:36:57Z [6,375ms] [Warning] [omni.physx.tensors.plugin] Failed to find rigid body at '/World/envs/env_124/Robot/Geometry/base_link/base_link'
2026-08-03T03:36:57Z [6,375ms] [Warning] [omni.physx.tensors.plugin] Failed to find rigid body at '/World/envs/env_125/Robot/Geometry/base_link/base_link'
2026-08-03T03:36:57Z [6,375ms] [Warning] [omni.physx.tensors.plugin] Failed to find rigid body at '/World/envs/env_126/Robot/Geometry/base_link/base_link'
2026-08-03T03:36:57Z [6,375ms] [Warning] [omni.physx.tensors.plugin] Failed to find rigid body at '/World/envs/env_127/Robot/Geometry/base_link/base_link'
2026-08-03T03:36:57Z [6,380ms] [Warning] [omni.physx.tensors.plugin] Failed to find rigid body at '/World/envs/env_0/Robot/Geometry/base_link/link1/link2/link3/link4/link5/link6/gripper_end/gripper_end'
2026-08-03T03:36:57Z [6,380ms] [Warning] [omni.physx.tensors.plugin] Failed to find rigid body at '/World/envs/env_1/Robot/Geometry/base_link/link1/link2/link3/link4/link5/link6/gripper_end/gripper_end'
2026-08-03T03:36:57Z [6,380ms] [Warning] [omni.physx.tensors.plugin] Failed to find rigid body at '/World/envs/env_2/Robot/Geometry/base_link/link1/link2/link3/link4/link5/link6/gripper_end/gripper_end'
2026-08-03T03:36:57Z [6,380ms] [Warning] [omni.physx.tensors.plugin] Failed to find rigid body at '/World/envs/env_3/Robot/Geometry/base_link/link1/link2/link3/link4/link5/link6/gripper_end/gripper_end'
2026-08-03T03:36:57Z [6,380ms] [Warning] [omni.physx.tensors.plugin] Failed to find rigid body at '/World/envs/env_4/Robot/Geometry/base_link/link1/link2/link3/link4/link5/link6/gripper_end/gripper_end'
2026-08-03T03:36:57Z [6,380ms] [Warning] [omni.physx.tensors.plugin] Failed to find rigid body at '/World/envs/env_5/Robot/Geometry/base_link/link1/link2/link3/link4/link5/link6/gripper_end/gripper_end'
2026-08-03T03:36:57Z [6,380ms] [Warning] [omni.physx.tensors.plugin] Failed to find rigid body at '/World/envs/env_6/Robot/Geometry/base_link/link1/link2/link3/link4/link5/link6/gripper_end/gripper_end'
2026-08-03T03:36:57Z [6,380ms] [Warning] [omni.physx.tensors.plugin] Failed to find rigid body at '/World/envs/env_7/Robot/Geometry/base_link/link1/link2/link3/link4/link5/link6/gripper_end/gripper_end'
2026-08-03T03:36:57Z [6,380ms] [Warning] [omni.physx.tensors.plugin] Failed to find rigid body at '/World/envs/env_8/Robot/Geometry/base_link/link1/link2/link3/link4/link5/link6/gripper_end/gripper_end'
2026-08-03T03:36:57Z [6,380ms] [Warning] [omni.physx.tensors.plugin] Failed to find rigid body at '/World/envs/env_9/Robot/Geometry/base_link/link1/link2/link3/link4/link5/link6/gripper_end/gripper_end'
2026-08-03T03:36:57Z [6,380ms] [Warning] [omni.physx.tensors.plugin] Failed to find rigid body at '/World/envs/env_10/Robot/Geometry/base_link/link1/link2/link3/link4/link5/link6/gripper_end/gripper_end'
2026-08-03T03:36:57Z [6,380ms] [Warning] [omni.physx.tensors.plugin] Failed to find rigid body at '/World/envs/env_11/Robot/Geometry/base_link/link1/link2/link3/link4/link5/link6/gripper_end/gripper_end'
2026-08-03T03:36:57Z [6,380ms] [Warning] [omni.physx.tensors.plugin] Failed to find rigid body at '/World/envs/env_12/Robot/Geometry/base_link/link1/link2/link3/link4/link5/link6/gripper_end/gripper_end'
2026-08-03T03:36:57Z [6,380ms] [Warning] [omni.physx.tensors.plugin] Failed to find rigid body at '/World/envs/env_13/Robot/Geometry/base_link/link1/link2/link3/link4/link5/link6/gripper_end/gripper_end'
2026-08-03T03:36:57Z [6,380ms] [Warning] [omni.physx.tensors.plugin] Failed to find rigid body at '/World/envs/env_14/Robot/Geometry/base_link/link1/link2/link3/link4/link5/link6/gripper_end/gripper_end'
2026-08-03T03:36:57Z [6,381ms] [Warning] [omni.physx.tensors.plugin] Failed to find rigid body at '/World/envs/env_15/Robot/Geometry/base_link/link1/link2/link3/link4/link5/link6/gripper_end/gripper_end'
2026-08-03T03:36:57Z [6,381ms] [Warning] [omni.physx.tensors.plugin] Failed to find rigid body at '/World/envs/env_16/Robot/Geometry/base_link/link1/link2/link3/link4/link5/link6/gripper_end/gripper_end'
2026-08-03T03:36:57Z [6,381ms] [Warning] [omni.physx.tensors.plugin] Failed to find rigid body at '/World/envs/env_17/Robot/Geometry/base_link/link1/link2/link3/link4/link5/link6/gripper_end/gripper_end'
2026-08-03T03:36:57Z [6,381ms] [Warning] [omni.physx.tensors.plugin] Failed to find rigid body at '/World/envs/env_18/Robot/Geometry/base_link/link1/link2/link3/link4/link5/link6/gripper_end/gripper_end'
2026-08-03T03:36:57Z [6,381ms] [Warning] [omni.physx.tensors.plugin] Failed to find rigid body at '/World/envs/env_19/Robot/Geometry/base_link/link1/link2/link3/link4/link5/link6/gripper_end/gripper_end'
2026-08-03T03:36:57Z [6,381ms] [Warning] [omni.physx.tensors.plugin] Failed to find rigid body at '/World/envs/env_20/Robot/Geometry/base_link/link1/link2/link3/link4/link5/link6/gripper_end/gripper_end'
2026-08-03T03:36:57Z [6,381ms] [Warning] [omni.physx.tensors.plugin] Failed to find rigid body at '/World/envs/env_21/Robot/Geometry/base_link/link1/link2/link3/link4/link5/link6/gripper_end/gripper_end'
2026-08-03T03:36:57Z [6,381ms] [Warning] [omni.physx.tensors.plugin] Failed to find rigid body at '/World/envs/env_22/Robot/Geometry/base_link/link1/link2/link3/link4/link5/link6/gripper_end/gripper_end'
2026-08-03T03:36:57Z [6,381ms] [Warning] [omni.physx.tensors.plugin] Failed to find rigid body at '/World/envs/env_23/Robot/Geometry/base_link/link1/link2/link3/link4/link5/link6/gripper_end/gripper_end'
2026-08-03T03:36:57Z [6,381ms] [Warning] [omni.physx.tensors.plugin] Failed to find rigid body at '/World/envs/env_24/Robot/Geometry/base_link/link1/link2/link3/link4/link5/link6/gripper_end/gripper_end'
2026-08-03T03:36:57Z [6,381ms] [Warning] [omni.physx.tensors.plugin] Failed to find rigid body at '/World/envs/env_25/Robot/Geometry/base_link/link1/link2/link3/link4/link5/link6/gripper_end/gripper_end'
2026-08-03T03:36:57Z [6,381ms] [Warning] [omni.physx.tensors.plugin] Failed to find rigid body at '/World/envs/env_26/Robot/Geometry/base_link/link1/link2/link3/link4/link5/link6/gripper_end/gripper_end'
2026-08-03T03:36:57Z [6,381ms] [Warning] [omni.physx.tensors.plugin] Failed to find rigid body at '/World/envs/env_27/Robot/Geometry/base_link/link1/link2/link3/link4/link5/link6/gripper_end/gripper_end'
2026-08-03T03:36:57Z [6,381ms] [Warning] [omni.physx.tensors.plugin] Failed to find rigid body at '/World/envs/env_28/Robot/Geometry/base_link/link1/link2/link3/link4/link5/link6/gripper_end/gripper_end'
2026-08-03T03:36:57Z [6,381ms] [Warning] [omni.physx.tensors.plugin] Failed to find rigid body at '/World/envs/env_29/Robot/Geometry/base_link/link1/link2/link3/link4/link5/link6/gripper_end/gripper_end'
2026-08-03T03:36:57Z [6,381ms] [Warning] [omni.physx.tensors.plugin] Failed to find rigid body at '/World/envs/env_30/Robot/Geometry/base_link/link1/link2/link3/link4/link5/link6/gripper_end/gripper_end'
2026-08-03T03:36:57Z [6,381ms] [Warning] [omni.physx.tensors.plugin] Failed to find rigid body at '/World/envs/env_31/Robot/Geometry/base_link/link1/link2/link3/link4/link5/link6/gripper_end/gripper_end'
2026-08-03T03:36:57Z [6,381ms] [Warning] [omni.physx.tensors.plugin] Failed to find rigid body at '/World/envs/env_32/Robot/Geometry/base_link/link1/link2/link3/link4/link5/link6/gripper_end/gripper_end'
2026-08-03T03:36:57Z [6,381ms] [Warning] [omni.physx.tensors.plugin] Failed to find rigid body at '/World/envs/env_33/Robot/Geometry/base_link/link1/link2/link3/link4/link5/link6/gripper_end/gripper_end'
2026-08-03T03:36:57Z [6,381ms] [Warning] [omni.physx.tensors.plugin] Failed to find rigid body at '/World/envs/env_34/Robot/Geometry/base_link/link1/link2/link3/link4/link5/link6/gripper_end/gripper_end'
2026-08-03T03:36:57Z [6,381ms] [Warning] [omni.physx.tensors.plugin] Failed to find rigid body at '/World/envs/env_35/Robot/Geometry/base_link/link1/link2/link3/link4/link5/link6/gripper_end/gripper_end'
2026-08-03T03:36:57Z [6,381ms] [Warning] [omni.physx.tensors.plugin] Failed to find rigid body at '/World/envs/env_36/Robot/Geometry/base_link/link1/link2/link3/link4/link5/link6/gripper_end/gripper_end'
2026-08-03T03:36:57Z [6,381ms] [Warning] [omni.physx.tensors.plugin] Failed to find rigid body at '/World/envs/env_37/Robot/Geometry/base_link/link1/link2/link3/link4/link5/link6/gripper_end/gripper_end'
2026-08-03T03:36:57Z [6,381ms] [Warning] [omni.physx.tensors.plugin] Failed to find rigid body at '/World/envs/env_38/Robot/Geometry/base_link/link1/link2/link3/link4/link5/link6/gripper_end/gripper_end'
2026-08-03T03:36:57Z [6,381ms] [Warning] [omni.physx.tensors.plugin] Failed to find rigid body at '/World/envs/env_39/Robot/Geometry/base_link/link1/link2/link3/link4/link5/link6/gripper_end/gripper_end'
2026-08-03T03:36:57Z [6,381ms] [Warning] [omni.physx.tensors.plugin] Failed to find rigid body at '/World/envs/env_40/Robot/Geometry/base_link/link1/link2/link3/link4/link5/link6/gripper_end/gripper_end'
2026-08-03T03:36:57Z [6,381ms] [Warning] [omni.physx.tensors.plugin] Failed to find rigid body at '/World/envs/env_41/Robot/Geometry/base_link/link1/link2/link3/link4/link5/link6/gripper_end/gripper_end'
2026-08-03T03:36:57Z [6,381ms] [Warning] [omni.physx.tensors.plugin] Failed to find rigid body at '/World/envs/env_42/Robot/Geometry/base_link/link1/link2/link3/link4/link5/link6/gripper_end/gripper_end'
2026-08-03T03:36:57Z [6,381ms] [Warning] [omni.physx.tensors.plugin] Failed to find rigid body at '/World/envs/env_43/Robot/Geometry/base_link/link1/link2/link3/link4/link5/link6/gripper_end/gripper_end'
2026-08-03T03:36:57Z [6,381ms] [Warning] [omni.physx.tensors.plugin] Failed to find rigid body at '/World/envs/env_44/Robot/Geometry/base_link/link1/link2/link3/link4/link5/link6/gripper_end/gripper_end'
2026-08-03T03:36:57Z [6,381ms] [Warning] [omni.physx.tensors.plugin] Failed to find rigid body at '/World/envs/env_45/Robot/Geometry/base_link/link1/link2/link3/link4/link5/link6/gripper_end/gripper_end'
2026-08-03T03:36:57Z [6,381ms] [Warning] [omni.physx.tensors.plugin] Failed to find rigid body at '/World/envs/env_46/Robot/Geometry/base_link/link1/link2/link3/link4/link5/link6/gripper_end/gripper_end'
2026-08-03T03:36:57Z [6,381ms] [Warning] [omni.physx.tensors.plugin] Failed to find rigid body at '/World/envs/env_47/Robot/Geometry/base_link/link1/link2/link3/link4/link5/link6/gripper_end/gripper_end'
2026-08-03T03:36:57Z [6,381ms] [Warning] [omni.physx.tensors.plugin] Failed to find rigid body at '/World/envs/env_48/Robot/Geometry/base_link/link1/link2/link3/link4/link5/link6/gripper_end/gripper_end'
2026-08-03T03:36:57Z [6,381ms] [Warning] [omni.physx.tensors.plugin] Failed to find rigid body at '/World/envs/env_49/Robot/Geometry/base_link/link1/link2/link3/link4/link5/link6/gripper_end/gripper_end'
2026-08-03T03:36:57Z [6,381ms] [Warning] [omni.physx.tensors.plugin] Failed to find rigid body at '/World/envs/env_50/Robot/Geometry/base_link/link1/link2/link3/link4/link5/link6/gripper_end/gripper_end'
2026-08-03T03:36:57Z [6,381ms] [Warning] [omni.physx.tensors.plugin] Failed to find rigid body at '/World/envs/env_51/Robot/Geometry/base_link/link1/link2/link3/link4/link5/link6/gripper_end/gripper_end'
2026-08-03T03:36:57Z [6,381ms] [Warning] [omni.physx.tensors.plugin] Failed to find rigid body at '/World/envs/env_52/Robot/Geometry/base_link/link1/link2/link3/link4/link5/link6/gripper_end/gripper_end'
2026-08-03T03:36:57Z [6,381ms] [Warning] [omni.physx.tensors.plugin] Failed to find rigid body at '/World/envs/env_53/Robot/Geometry/base_link/link1/link2/link3/link4/link5/link6/gripper_end/gripper_end'
2026-08-03T03:36:57Z [6,381ms] [Warning] [omni.physx.tensors.plugin] Failed to find rigid body at '/World/envs/env_54/Robot/Geometry/base_link/link1/link2/link3/link4/link5/link6/gripper_end/gripper_end'
2026-08-03T03:36:57Z [6,381ms] [Warning] [omni.physx.tensors.plugin] Failed to find rigid body at '/World/envs/env_55/Robot/Geometry/base_link/link1/link2/link3/link4/link5/link6/gripper_end/gripper_end'
2026-08-03T03:36:57Z [6,381ms] [Warning] [omni.physx.tensors.plugin] Failed to find rigid body at '/World/envs/env_56/Robot/Geometry/base_link/link1/link2/link3/link4/link5/link6/gripper_end/gripper_end'
2026-08-03T03:36:57Z [6,381ms] [Warning] [omni.physx.tensors.plugin] Failed to find rigid body at '/World/envs/env_57/Robot/Geometry/base_link/link1/link2/link3/link4/link5/link6/gripper_end/gripper_end'
2026-08-03T03:36:57Z [6,381ms] [Warning] [omni.physx.tensors.plugin] Failed to find rigid body at '/World/envs/env_58/Robot/Geometry/base_link/link1/link2/link3/link4/link5/link6/gripper_end/gripper_end'
2026-08-03T03:36:57Z [6,381ms] [Warning] [omni.physx.tensors.plugin] Failed to find rigid body at '/World/envs/env_59/Robot/Geometry/base_link/link1/link2/link3/link4/link5/link6/gripper_end/gripper_end'
2026-08-03T03:36:57Z [6,381ms] [Warning] [omni.physx.tensors.plugin] Failed to find rigid body at '/World/envs/env_60/Robot/Geometry/base_link/link1/link2/link3/link4/link5/link6/gripper_end/gripper_end'
2026-08-03T03:36:57Z [6,381ms] [Warning] [omni.physx.tensors.plugin] Failed to find rigid body at '/World/envs/env_61/Robot/Geometry/base_link/link1/link2/link3/link4/link5/link6/gripper_end/gripper_end'
2026-08-03T03:36:57Z [6,381ms] [Warning] [omni.physx.tensors.plugin] Failed to find rigid body at '/World/envs/env_62/Robot/Geometry/base_link/link1/link2/link3/link4/link5/link6/gripper_end/gripper_end'
2026-08-03T03:36:57Z [6,381ms] [Warning] [omni.physx.tensors.plugin] Failed to find rigid body at '/World/envs/env_63/Robot/Geometry/base_link/link1/link2/link3/link4/link5/link6/gripper_end/gripper_end'
2026-08-03T03:36:57Z [6,381ms] [Warning] [omni.physx.tensors.plugin] Failed to find rigid body at '/World/envs/env_64/Robot/Geometry/base_link/link1/link2/link3/link4/link5/link6/gripper_end/gripper_end'
2026-08-03T03:36:57Z [6,381ms] [Warning] [omni.physx.tensors.plugin] Failed to find rigid body at '/World/envs/env_65/Robot/Geometry/base_link/link1/link2/link3/link4/link5/link6/gripper_end/gripper_end'
2026-08-03T03:36:57Z [6,381ms] [Warning] [omni.physx.tensors.plugin] Failed to find rigid body at '/World/envs/env_66/Robot/Geometry/base_link/link1/link2/link3/link4/link5/link6/gripper_end/gripper_end'
2026-08-03T03:36:57Z [6,381ms] [Warning] [omni.physx.tensors.plugin] Failed to find rigid body at '/World/envs/env_67/Robot/Geometry/base_link/link1/link2/link3/link4/link5/link6/gripper_end/gripper_end'
2026-08-03T03:36:57Z [6,381ms] [Warning] [omni.physx.tensors.plugin] Failed to find rigid body at '/World/envs/env_68/Robot/Geometry/base_link/link1/link2/link3/link4/link5/link6/gripper_end/gripper_end'
2026-08-03T03:36:57Z [6,381ms] [Warning] [omni.physx.tensors.plugin] Failed to find rigid body at '/World/envs/env_69/Robot/Geometry/base_link/link1/link2/link3/link4/link5/link6/gripper_end/gripper_end'
2026-08-03T03:36:57Z [6,381ms] [Warning] [omni.physx.tensors.plugin] Failed to find rigid body at '/World/envs/env_70/Robot/Geometry/base_link/link1/link2/link3/link4/link5/link6/gripper_end/gripper_end'
2026-08-03T03:36:57Z [6,381ms] [Warning] [omni.physx.tensors.plugin] Failed to find rigid body at '/World/envs/env_71/Robot/Geometry/base_link/link1/link2/link3/link4/link5/link6/gripper_end/gripper_end'
2026-08-03T03:36:57Z [6,381ms] [Warning] [omni.physx.tensors.plugin] Failed to find rigid body at '/World/envs/env_72/Robot/Geometry/base_link/link1/link2/link3/link4/link5/link6/gripper_end/gripper_end'
2026-08-03T03:36:57Z [6,381ms] [Warning] [omni.physx.tensors.plugin] Failed to find rigid body at '/World/envs/env_73/Robot/Geometry/base_link/link1/link2/link3/link4/link5/link6/gripper_end/gripper_end'
2026-08-03T03:36:57Z [6,381ms] [Warning] [omni.physx.tensors.plugin] Failed to find rigid body at '/World/envs/env_74/Robot/Geometry/base_link/link1/link2/link3/link4/link5/link6/gripper_end/gripper_end'
2026-08-03T03:36:57Z [6,381ms] [Warning] [omni.physx.tensors.plugin] Failed to find rigid body at '/World/envs/env_75/Robot/Geometry/base_link/link1/link2/link3/link4/link5/link6/gripper_end/gripper_end'
2026-08-03T03:36:57Z [6,381ms] [Warning] [omni.physx.tensors.plugin] Failed to find rigid body at '/World/envs/env_76/Robot/Geometry/base_link/link1/link2/link3/link4/link5/link6/gripper_end/gripper_end'
2026-08-03T03:36:57Z [6,381ms] [Warning] [omni.physx.tensors.plugin] Failed to find rigid body at '/World/envs/env_77/Robot/Geometry/base_link/link1/link2/link3/link4/link5/link6/gripper_end/gripper_end'
2026-08-03T03:36:57Z [6,381ms] [Warning] [omni.physx.tensors.plugin] Failed to find rigid body at '/World/envs/env_78/Robot/Geometry/base_link/link1/link2/link3/link4/link5/link6/gripper_end/gripper_end'
2026-08-03T03:36:57Z [6,381ms] [Warning] [omni.physx.tensors.plugin] Failed to find rigid body at '/World/envs/env_79/Robot/Geometry/base_link/link1/link2/link3/link4/link5/link6/gripper_end/gripper_end'
2026-08-03T03:36:57Z [6,381ms] [Warning] [omni.physx.tensors.plugin] Failed to find rigid body at '/World/envs/env_80/Robot/Geometry/base_link/link1/link2/link3/link4/link5/link6/gripper_end/gripper_end'
2026-08-03T03:36:57Z [6,381ms] [Warning] [omni.physx.tensors.plugin] Failed to find rigid body at '/World/envs/env_81/Robot/Geometry/base_link/link1/link2/link3/link4/link5/link6/gripper_end/gripper_end'
2026-08-03T03:36:57Z [6,381ms] [Warning] [omni.physx.tensors.plugin] Failed to find rigid body at '/World/envs/env_82/Robot/Geometry/base_link/link1/link2/link3/link4/link5/link6/gripper_end/gripper_end'
2026-08-03T03:36:57Z [6,381ms] [Warning] [omni.physx.tensors.plugin] Failed to find rigid body at '/World/envs/env_83/Robot/Geometry/base_link/link1/link2/link3/link4/link5/link6/gripper_end/gripper_end'
2026-08-03T03:36:57Z [6,381ms] [Warning] [omni.physx.tensors.plugin] Failed to find rigid body at '/World/envs/env_84/Robot/Geometry/base_link/link1/link2/link3/link4/link5/link6/gripper_end/gripper_end'
2026-08-03T03:36:57Z [6,381ms] [Warning] [omni.physx.tensors.plugin] Failed to find rigid body at '/World/envs/env_85/Robot/Geometry/base_link/link1/link2/link3/link4/link5/link6/gripper_end/gripper_end'
2026-08-03T03:36:57Z [6,381ms] [Warning] [omni.physx.tensors.plugin] Failed to find rigid body at '/World/envs/env_86/Robot/Geometry/base_link/link1/link2/link3/link4/link5/link6/gripper_end/gripper_end'
2026-08-03T03:36:57Z [6,381ms] [Warning] [omni.physx.tensors.plugin] Failed to find rigid body at '/World/envs/env_87/Robot/Geometry/base_link/link1/link2/link3/link4/link5/link6/gripper_end/gripper_end'
2026-08-03T03:36:57Z [6,381ms] [Warning] [omni.physx.tensors.plugin] Failed to find rigid body at '/World/envs/env_88/Robot/Geometry/base_link/link1/link2/link3/link4/link5/link6/gripper_end/gripper_end'
2026-08-03T03:36:57Z [6,381ms] [Warning] [omni.physx.tensors.plugin] Failed to find rigid body at '/World/envs/env_89/Robot/Geometry/base_link/link1/link2/link3/link4/link5/link6/gripper_end/gripper_end'
2026-08-03T03:36:57Z [6,381ms] [Warning] [omni.physx.tensors.plugin] Failed to find rigid body at '/World/envs/env_90/Robot/Geometry/base_link/link1/link2/link3/link4/link5/link6/gripper_end/gripper_end'
2026-08-03T03:36:57Z [6,381ms] [Warning] [omni.physx.tensors.plugin] Failed to find rigid body at '/World/envs/env_91/Robot/Geometry/base_link/link1/link2/link3/link4/link5/link6/gripper_end/gripper_end'
2026-08-03T03:36:57Z [6,381ms] [Warning] [omni.physx.tensors.plugin] Failed to find rigid body at '/World/envs/env_92/Robot/Geometry/base_link/link1/link2/link3/link4/link5/link6/gripper_end/gripper_end'
2026-08-03T03:36:57Z [6,381ms] [Warning] [omni.physx.tensors.plugin] Failed to find rigid body at '/World/envs/env_93/Robot/Geometry/base_link/link1/link2/link3/link4/link5/link6/gripper_end/gripper_end'
2026-08-03T03:36:57Z [6,381ms] [Warning] [omni.physx.tensors.plugin] Failed to find rigid body at '/World/envs/env_94/Robot/Geometry/base_link/link1/link2/link3/link4/link5/link6/gripper_end/gripper_end'
2026-08-03T03:36:57Z [6,381ms] [Warning] [omni.physx.tensors.plugin] Failed to find rigid body at '/World/envs/env_95/Robot/Geometry/base_link/link1/link2/link3/link4/link5/link6/gripper_end/gripper_end'
2026-08-03T03:36:57Z [6,381ms] [Warning] [omni.physx.tensors.plugin] Failed to find rigid body at '/World/envs/env_96/Robot/Geometry/base_link/link1/link2/link3/link4/link5/link6/gripper_end/gripper_end'
2026-08-03T03:36:57Z [6,381ms] [Warning] [omni.physx.tensors.plugin] Failed to find rigid body at '/World/envs/env_97/Robot/Geometry/base_link/link1/link2/link3/link4/link5/link6/gripper_end/gripper_end'
2026-08-03T03:36:57Z [6,381ms] [Warning] [omni.physx.tensors.plugin] Failed to find rigid body at '/World/envs/env_98/Robot/Geometry/base_link/link1/link2/link3/link4/link5/link6/gripper_end/gripper_end'
2026-08-03T03:36:57Z [6,381ms] [Warning] [omni.physx.tensors.plugin] Failed to find rigid body at '/World/envs/env_99/Robot/Geometry/base_link/link1/link2/link3/link4/link5/link6/gripper_end/gripper_end'
2026-08-03T03:36:57Z [6,381ms] [Warning] [omni.physx.tensors.plugin] Failed to find rigid body at '/World/envs/env_100/Robot/Geometry/base_link/link1/link2/link3/link4/link5/link6/gripper_end/gripper_end'
2026-08-03T03:36:57Z [6,381ms] [Warning] [omni.physx.tensors.plugin] Failed to find rigid body at '/World/envs/env_101/Robot/Geometry/base_link/link1/link2/link3/link4/link5/link6/gripper_end/gripper_end'
2026-08-03T03:36:57Z [6,381ms] [Warning] [omni.physx.tensors.plugin] Failed to find rigid body at '/World/envs/env_102/Robot/Geometry/base_link/link1/link2/link3/link4/link5/link6/gripper_end/gripper_end'
2026-08-03T03:36:57Z [6,381ms] [Warning] [omni.physx.tensors.plugin] Failed to find rigid body at '/World/envs/env_103/Robot/Geometry/base_link/link1/link2/link3/link4/link5/link6/gripper_end/gripper_end'
2026-08-03T03:36:57Z [6,381ms] [Warning] [omni.physx.tensors.plugin] Failed to find rigid body at '/World/envs/env_104/Robot/Geometry/base_link/link1/link2/link3/link4/link5/link6/gripper_end/gripper_end'
2026-08-03T03:36:57Z [6,381ms] [Warning] [omni.physx.tensors.plugin] Failed to find rigid body at '/World/envs/env_105/Robot/Geometry/base_link/link1/link2/link3/link4/link5/link6/gripper_end/gripper_end'
2026-08-03T03:36:57Z [6,381ms] [Warning] [omni.physx.tensors.plugin] Failed to find rigid body at '/World/envs/env_106/Robot/Geometry/base_link/link1/link2/link3/link4/link5/link6/gripper_end/gripper_end'
2026-08-03T03:36:57Z [6,381ms] [Warning] [omni.physx.tensors.plugin] Failed to find rigid body at '/World/envs/env_107/Robot/Geometry/base_link/link1/link2/link3/link4/link5/link6/gripper_end/gripper_end'
2026-08-03T03:36:57Z [6,381ms] [Warning] [omni.physx.tensors.plugin] Failed to find rigid body at '/World/envs/env_108/Robot/Geometry/base_link/link1/link2/link3/link4/link5/link6/gripper_end/gripper_end'
2026-08-03T03:36:57Z [6,381ms] [Warning] [omni.physx.tensors.plugin] Failed to find rigid body at '/World/envs/env_109/Robot/Geometry/base_link/link1/link2/link3/link4/link5/link6/gripper_end/gripper_end'
2026-08-03T03:36:57Z [6,381ms] [Warning] [omni.physx.tensors.plugin] Failed to find rigid body at '/World/envs/env_110/Robot/Geometry/base_link/link1/link2/link3/link4/link5/link6/gripper_end/gripper_end'
2026-08-03T03:36:57Z [6,381ms] [Warning] [omni.physx.tensors.plugin] Failed to find rigid body at '/World/envs/env_111/Robot/Geometry/base_link/link1/link2/link3/link4/link5/link6/gripper_end/gripper_end'
2026-08-03T03:36:57Z [6,381ms] [Warning] [omni.physx.tensors.plugin] Failed to find rigid body at '/World/envs/env_112/Robot/Geometry/base_link/link1/link2/link3/link4/link5/link6/gripper_end/gripper_end'
2026-08-03T03:36:57Z [6,381ms] [Warning] [omni.physx.tensors.plugin] Failed to find rigid body at '/World/envs/env_113/Robot/Geometry/base_link/link1/link2/link3/link4/link5/link6/gripper_end/gripper_end'
[INFO]: Time taken for simulation start Last: 1.483249 s, Mean: 1.483249 s, Std: 0.000000 s, N: 1
[INFO] Command Manager:  <CommandManager> contains 0 active terms.
+------------------------+
|  Active Command Terms  |
+--------+-------+-------+
| Index  | Name  |  Type |
+--------+-------+-------+
+--------+-------+-------+

[INFO] Event Manager:  <EventManager> contains 1 active terms.
+-----------------------------------+
| Active Event Terms in Mode: 'reset' |
+-----------+-----------------------+
|   Index   | Name                  |
+-----------+-----------------------+
|     0     | reset_all             |
|     1     | reset_target          |
|     2     | reset_d0              |
|     3     | reset_d1              |
|     4     | reset_d2              |
|     5     | reset_d3              |
|     6     | record_spawn          |
+-----------+-----------------------+

[INFO] Recorder Manager:  <RecorderManager> contains 0 active terms.
+---------------------+
| Active Recorder Terms |
+-----------+---------+
|   Index   | Name    |
+-----------+---------+
+-----------+---------+

[INFO]: Resolved joint names for the action term JointPositionAction: ['joint1', 'joint2', 'joint3', 'joint4', 'joint5', 'joint6'] [[0, 1, 2, 3, 4, 5]]
[INFO]: Resolved joint names for the action term BinaryJointPositionAction: ['joint_left', 'joint_right'] [[6, 7]]
/home/eva/Desktop/isaacLab/eva_bc/clutter/probes/p23_grip_height.py:117: DeprecationWarning: The `root_state_w` property will be deprecated in IsaacLab 4.0. Please use `root_link_pose_w` and `root_com_vel_w` instead.
  snap = {k: _t(e.scene[k].data.root_state_w).clone() for k in ("target",) + DIST}
/home/eva/Desktop/isaacLab/eva_bc/clutter/probes/p23_grip_height.py:131: DeprecationWarning: The function 'write_root_state_to_sim' will be deprecated in a future release. Please use 'write_root_link_pose_to_sim_index' and 'write_root_com_velocity_to_sim_index' instead.
  e.scene[k].write_root_state_to_sim(s)
/home/eva/Desktop/isaacLab/eva_bc/clutter/probes/p23_grip_height.py:155: DeprecationWarning: The function 'set_joint_position_target' will be deprecated in a future release. Please use 'set_joint_position_target_index' instead.
  K.robot.set_joint_position_target(K._drive(q, Q_OPEN))
/home/eva/Desktop/isaacLab/eva_bc/clutter/probes/p23_grip_height.py:162: DeprecationWarning: The function 'set_joint_position_target' will be deprecated in a future release. Please use 'set_joint_position_target_index' instead.
  K.robot.set_joint_position_target(K._drive(q, Q_CLOSE))
[INFO] Action Manager:  <ActionManager> contains 2 active terms.
+------------------------------------+
|   Active Action Terms (shape: 7)   |
+-------+----------------+-----------+
| Index | Name           | Dimension |
+-------+----------------+-----------+
|   0   | arm_action     |         6 |
|   1   | gripper_action |         1 |
+-------+----------------+-----------+

[INFO] Observation Manager: <ObservationManager> contains 1 groups.
+------------------------------------------------------+
| Active Observation Terms in Group: 'policy' (shape: (42,)) |
+-------------+--------------------------+-------------+
|    Index    | Name                     |    Shape    |
+-------------+--------------------------+-------------+
|      0      | joint_pos                |     (8,)    |
|      1      | joint_vel                |     (8,)    |
|      2      | target_pose              |     (7,)    |
|      3      | clutter                  |    (12,)    |
|      4      | actions                  |     (7,)    |
+-------------+--------------------------+-------------+

[INFO] Termination Manager:  <TerminationManager> contains 3 active terms.
+---------------------------------------+
|        Active Termination Terms       |
+-------+--------------------+----------+
| Index | Name               | Time Out |
+-------+--------------------+----------+
|   0   | time_out           |   True   |
|   1   | target_dropped     |  False   |
|   2   | distractor_toppled |  False   |
+-------+--------------------+----------+

[INFO] Reward Manager:  <RewardManager> contains 9 active terms.
+---------------------------------+
|       Active Reward Terms       |
+-------+----------------+--------+
| Index | Name           | Weight |
+-------+----------------+--------+
|   0   | reaching       |    2.0 |
|   1   | lifting        |    8.0 |
|   2   | extracted      |   15.0 |
|   3   | carrying       |   12.0 |
|   4   | success        |   60.0 |
|   5   | disturbance    |   -3.0 |
|   6   | topple_penalty |  -40.0 |
|   7   | action_rate    |  -0.02 |
|   8   | joint_vel      | -0.005 |
+-------+----------------+--------+

[INFO] Curriculum Manager:  <CurriculumManager> contains 0 active terms.
+----------------------+
| Active Curriculum Terms |
+-----------+----------+
|   Index   | Name     |
+-----------+----------+
+-----------+----------+

[INFO]: Completed setting up the environment...

====================================================================================================
P23 -- GRIP HEIGHT ON THE ISOLATED CLOSE
====================================================================================================
   block: 70 mm tall, settles with centre at 32 mm and top at ~67 mm
   isolated = settle at the grasp pose, close, measure. No descent, no carry,
   no place -- so nothing here depends on the path or on the pose draw's luck
   downstream. The target is KEPT (P22 showed it makes no difference to what the
   blades hit, and keeping it preserves the real 36 mm stall instead of letting
   the jaw slam shut on nothing).
   spawn: min free gap median 8.4 mm

    grip z | draw |  o_align |    wrist y,z |   moved |  toppled | per-block topple
   --------------------------------------------------------------------------------------------
       40  |    0 |   0.8441 |   -35,   34 |  50.0% |   67.2% | d0:2% d1:5% d2:1% d3:62%
       40  |    1 |   0.8525 |   +22,   12 |  35.9% |    6.2% | d0:0% d1:3% d2:3% d3:0%
       40  |    2 |   0.9940 |   +22,    6 |  33.6% |   18.0% | d0:4% d1:0% d2:16% d3:2%
       45  |    0 |   0.9997 |   +20,    8 |  13.3% |   10.9% | d0:0% d1:0% d2:11% d3:0%
       45  |    1 |   0.9913 |   -22,   10 |  35.2% |   19.5% | d0:0% d1:19% d2:0% d3:1%
       45  |    2 |   0.9999 |   -21,   10 |  46.1% |   28.1% | d0:0% d1:28% d2:0% d3:0%
       50  |    0 |   0.9944 |   -20,   13 |  32.0% |   16.4% | d0:1% d1:16% d2:0% d3:0%
       50  |    1 |   0.9971 |   +20,   12 |  42.2% |   13.3% | d0:0% d1:1% d2:12% d3:0%
       50  |    2 |   1.0000 |   -21,   14 |  50.8% |   32.8% | d0:0% d1:31% d2:0% d3:2%
       55  |    0 |   0.9983 |   +21,   18 |  70.3% |   23.4% | d0:0% d1:0% d2:23% d3:0%
       55  |    1 |   0.9978 |   +22,   20 |  69.5% |   46.1% | d0:0% d1:0% d2:46% d3:0%
       55  |    2 |   0.9921 |   +21,   19 |  68.0% |   25.0% | d0:0% d1:0% d2:25% d3:0%
       60  |    0 |   0.9989 |   +21,   24 |  63.3% |   22.7% | d0:0% d1:6% d2:16% d3:0%
       60  |    1 |   0.9920 |   -21,   23 |  49.2% |   21.9% | d0:0% d1:6% d2:16% d3:0%
       60  |    2 |   0.9970 |   -22,   25 |  75.0% |   38.3% | d0:0% d1:38% d2:0% d3:0%
       65  |    0 |   0.9966 |   -22,   30 |  61.7% |   30.5% | d0:0% d1:20% d2:12% d3:0%
       65  |    1 |   0.9962 |   -20,   29 |  39.8% |   33.6% | d0:0% d1:15% d2:20% d3:0%
       65  |    2 |   0.9966 |   -22,   30 |  59.4% |   30.5% | d0:0% d1:20% d2:12% d3:0%
       70  |    0 |   0.9923 |   +20,   33 |  10.2% |   10.2% | d0:0% d1:5% d2:6% d3:0%
       70  |    1 |   0.9997 |   +22,   35 |  53.9% |   35.2% | d0:0% d1:4% d2:33% d3:0%
       70  |    2 |   0.9981 |   -21,   33 |  25.8% |   20.3% | d0:0% d1:16% d2:5% d3:0%
       75  |    0 |   0.9968 |   +22,   39 |  50.8% |   32.0% | d0:0% d1:0% d2:32% d3:0%
       75  |    1 |   0.9962 |   +20,   39 |  12.5% |   12.5% | d0:0% d1:0% d2:12% d3:0%
       75  |    2 |   0.9931 |   -22,   39 |  18.0% |   14.8% | d0:0% d1:15% d2:0% d3:0%
       80  |    0 |   0.9951 |   -41,   72 |  47.7% |    3.9% | d0:0% d1:1% d2:2% d3:1%
       80  |    1 |   0.9946 |   -20,   44 |  43.8% |   27.3% | d0:0% d1:27% d2:0% d3:0%
       80  |    2 |   0.9921 |   -42,   73 |  45.3% |    2.3% | d0:1% d1:0% d2:0% d3:2%

====================================================================================================
   ISOLATED-CLOSE TOPPLE RATE BY GRIP HEIGHT (mean over pose draws)
    grip z [mm] |    moved |   toppled | spread over draws
             40 |   39.8% |    30.5% | 67%, 6%, 18%
             45 |   31.5% |    19.5% | 11%, 20%, 28%
             50 |   41.7% |    20.8% | 16%, 13%, 33%
             55 |   69.3% |    31.5% | 23%, 46%, 25%
             60 |   62.5% |    27.6% | 23%, 22%, 38%
             65 |   53.6% |    31.5% | 30%, 34%, 30%
             70 |   29.9% |    21.9% | 10%, 35%, 20%
             75 |   27.1% |    19.8% | 32%, 12%, 15%
             80 |   45.6% |    11.2% | 4%, 27%, 2%

   minimum at grip_z = 80 mm (11.2% isolated topple)
   the expert currently ships 55 mm (31.5%); this run prefers 80 mm

====================================================================================================
   FULL-TRAJECTORY CONFIRMATION (whole chain, does the isolated result transfer?)
      grip 55 mm, batch 0: enclosed  96.9% | at goal  89.8% | topple  29.7% | SUCCESS  68.8%
      grip 55 mm, batch 1: enclosed 100.0% | at goal  89.8% | topple  22.7% | SUCCESS  71.9%
      grip 80 mm, batch 0: enclosed 100.0% | at goal  96.9% | topple  28.1% | SUCCESS  68.8%
      grip 80 mm, batch 1: enclosed 100.0% | at goal  93.8% | topple  25.8% | SUCCESS  68.0%

[p23] wrote /home/eva/Desktop/isaacLab/eva_bc/clutter/runs/p23_grip.json
[INFO]: SimulationContext cleared
2026-08-03T03:36:57Z [6,381ms] [Warning] [omni.physx.tensors.plugin] Failed to find rigid body at '/World/envs/env_114/Robot/Geometry/base_link/link1/link2/link3/link4/link5/link6/gripper_end/gripper_end'
2026-08-03T03:36:57Z [6,381ms] [Warning] [omni.physx.tensors.plugin] Failed to find rigid body at '/World/envs/env_115/Robot/Geometry/base_link/link1/link2/link3/link4/link5/link6/gripper_end/gripper_end'
2026-08-03T03:36:57Z [6,381ms] [Warning] [omni.physx.tensors.plugin] Failed to find rigid body at '/World/envs/env_116/Robot/Geometry/base_link/link1/link2/link3/link4/link5/link6/gripper_end/gripper_end'
2026-08-03T03:36:57Z [6,381ms] [Warning] [omni.physx.tensors.plugin] Failed to find rigid body at '/World/envs/env_117/Robot/Geometry/base_link/link1/link2/link3/link4/link5/link6/gripper_end/gripper_end'
2026-08-03T03:36:57Z [6,381ms] [Warning] [omni.physx.tensors.plugin] Failed to find rigid body at '/World/envs/env_118/Robot/Geometry/base_link/link1/link2/link3/link4/link5/link6/gripper_end/gripper_end'
2026-08-03T03:36:57Z [6,381ms] [Warning] [omni.physx.tensors.plugin] Failed to find rigid body at '/World/envs/env_119/Robot/Geometry/base_link/link1/link2/link3/link4/link5/link6/gripper_end/gripper_end'
2026-08-03T03:36:57Z [6,381ms] [Warning] [omni.physx.tensors.plugin] Failed to find rigid body at '/World/envs/env_120/Robot/Geometry/base_link/link1/link2/link3/link4/link5/link6/gripper_end/gripper_end'
2026-08-03T03:36:57Z [6,381ms] [Warning] [omni.physx.tensors.plugin] Failed to find rigid body at '/World/envs/env_121/Robot/Geometry/base_link/link1/link2/link3/link4/link5/link6/gripper_end/gripper_end'
2026-08-03T03:36:57Z [6,381ms] [Warning] [omni.physx.tensors.plugin] Failed to find rigid body at '/World/envs/env_122/Robot/Geometry/base_link/link1/link2/link3/link4/link5/link6/gripper_end/gripper_end'
2026-08-03T03:36:57Z [6,381ms] [Warning] [omni.physx.tensors.plugin] Failed to find rigid body at '/World/envs/env_123/Robot/Geometry/base_link/link1/link2/link3/link4/link5/link6/gripper_end/gripper_end'
2026-08-03T03:36:57Z [6,381ms] [Warning] [omni.physx.tensors.plugin] Failed to find rigid body at '/World/envs/env_124/Robot/Geometry/base_link/link1/link2/link3/link4/link5/link6/gripper_end/gripper_end'
2026-08-03T03:36:57Z [6,381ms] [Warning] [omni.physx.tensors.plugin] Failed to find rigid body at '/World/envs/env_125/Robot/Geometry/base_link/link1/link2/link3/link4/link5/link6/gripper_end/gripper_end'
2026-08-03T03:36:57Z [6,381ms] [Warning] [omni.physx.tensors.plugin] Failed to find rigid body at '/World/envs/env_126/Robot/Geometry/base_link/link1/link2/link3/link4/link5/link6/gripper_end/gripper_end'
2026-08-03T03:36:57Z [6,381ms] [Warning] [omni.physx.tensors.plugin] Failed to find rigid body at '/World/envs/env_127/Robot/Geometry/base_link/link1/link2/link3/link4/link5/link6/gripper_end/gripper_end'
